dale_jarrett	car_racing
jeff_hardy	wrestling
lance_armstrong	cycling
jonathan_sanchez	baseball
williams	tennis
lennox_lewis	boxing
antonio_tarver	boxing
john_lackey	baseball
terry_bradshaw	professional_football
jason_williams	basketball
craig_monroe	baseball
jonathan_coachman	wrestling
shaquille_o__neal	basketball
shannon_stewart	baseball
joe_valentine	baseball
tayshaun_prince	basketball
manny_malhotra	hockey
fernando_pisani	baseball
brad_thompson	baseball
john_lannan	baseball
rashard_lewis	basketball
chris_paul	basketball
jamal_crawford	baseball
mike_green	baseball
michael_chang	tennis
zach_duke	baseball
ronnie_brewer	basketball
casey_blake	baseball
rafer_alston	basketball
tyson_chandler	baseball
michael_beasley	football
nick_young	baseball
frank_robinson	baseball
chien_ming_wang	baseball
jason_hammel	baseball
willie_parker	football
carlos_gomez	baseball
roberto_alomar	baseball
bobby_abreu	baseball
jordan_staal	hockey
elton_brand	basketball
marquis_daniels	basketball
david_purcey	baseball
rick_nash	football
troy_murphy	basketball
kenny_lofton	baseball
mike_lowell	baseball
chin_hui_tsao	baseball
bronson_arroyo	baseball
aaron_rowand	baseball
kareem_abdul_jabbar	basketball
chad_hutchinson	baseball
rich_harden	baseball
garrett_atkins	baseball
jason_bergmann	baseball
derek_lowe	baseball
daniel_hudson	baseball
andy_johnson	baseball
tom_watson	golf
david_price	baseball
al_thornton	football
jason_schmidt	baseball
andrew_johnson	baseball
tommy_hanson	baseball
mike_aviles	baseball
david_weathers	baseball
dave_thomas	golf
george_c__thomas	golf
josh_beckett	baseball
jeff_nelson	baseball
justin_speier	baseball
matt_treanor	baseball
omar_aguilar	baseball
gil_meche	baseball
jason_hirsh	baseball
kosuke_fukudome	baseball
charlie_villanueva	baseball
bob_mccrory	baseball
brandon_boggs	hockey
damian_moss	baseball
joe_frazier	boxing
jake_peavy	baseball
jp_howell	baseball
bart_starr	football
brandon_lyon	baseball
ben_hendrickson	baseball
kevin_cash	baseball
david_dellucci	baseball
adam_kennedy	football
davis_romero	baseball
jorge_cantu	baseball
randy_keisler	baseball
darryl_strawberry	baseball
ricky_stone	baseball
paul_o_neill	baseball
matt_anderson	baseball
dominic_rhodes	football
alexei_ramirez	baseball
darrell_rasner	baseball
josh_banks	baseball
yogi_berra	baseball
michael_robinson	football
ben_sheets	baseball
mike_wood	baseball
jhonny_peralta	baseball
kenshin_kawakami	baseball
omar_quintanilla	baseball
stephen_randolph	baseball
doug_slaten	baseball
aaron_rakers	baseball
billy_traber	baseball
john_foster	baseball
carlos_carrasco	baseball
brendan_donnelly	baseball
carlos_marmol	baseball
laynce_nix	baseball
gregor_blanco	baseball
sean_burnett	baseball
scott_richmond	baseball
dustin_moseley	baseball
j__d__drew	baseball
hong_chih_kuo	baseball
matt_schaub	football
todd_williams	baseball
brian_shackelford	baseball
scott_patterson	baseball
chase_headley	baseball
tyler_clippard	baseball
brian_tallet	baseball
kyle_kendrick	baseball
rick_vandenhurk	baseball
chris_young	baseball
santonio_holmes	football
dan_kolb	baseball
mark_grudzielanek	baseball
jesus_colome	baseball
mark_lowe	baseball
cory_sullivan	baseball
jason_garrett	football
cesar_jimenez	baseball
zdeno_chara	hockey
jon_coutlangus	baseball
john_buck	baseball
brad_radke	baseball
ryan_tucker	baseball
raul_ibanez	baseball
joe_theismann	football
jared_burton	baseball
roy_campanella	baseball
daunte_culpepper	football
ryan_spilborghs	baseball
yorvit_torrealba	baseball
nelson_r__cruz	baseball
adam_russell	baseball
dallas_mcpherson	baseball
angel_berroa	baseball
matt_wieters	baseball
henry_owens	baseball
shawn_estes	baseball
kris_benson	baseball
david_dejesus	baseball
kip_wells	baseball
brian_matusz	baseball
hideki_okajima	baseball
ryan_freel	baseball
brad_voyles	baseball
brian_bixler	baseball
evan_longoria	baseball
taylor_tankersley	baseball
steven_shell	baseball
ryan_doumit	baseball
donovan_mcnabb	baseball
jesse_crain	baseball
tony_dorsett	football
macay_mcbride	baseball
luis_perez	baseball
russell_westbrook	baseball
chris_woodward	baseball
evgeni_malkin	hockey
dontrelle_willis	baseball
scott_walker	football
ubaldo_jimenez	baseball
miguel_montero	baseball
adam_pettyjohn	baseball
jose_canseco	baseball
brian_rogers	baseball
jose_silva	baseball
paul_konerko	baseball
willie_harris	baseball
rafael_betancourt	baseball
wade_davis	baseball
mark_melancon	baseball
francis_beltran	baseball
burke_badenhop	baseball
jojo_reyes	baseball
jason_anderson	baseball
anthony_ortega	baseball
eric_hinske	baseball
luis_ayala	baseball
vic_darensbourg	baseball
neal_cotts	baseball
jason_richardson	basketball
brandon_knight	baseball
chris_schroder	baseball
scott_olsen	baseball
jonny_gomes	baseball
antonio_perez	baseball
mark_mclemore	baseball
carlos_almanzar	baseball
jason_shiell	baseball
andy_marte	baseball
troy_percival	baseball
jordan_tata	baseball
lendale_white	football
jeff_manship	baseball
charlie_morton	baseball
kevin_correia	baseball
jose_arredondo	baseball
al_kaline	baseball
ryan_garko	baseball
aaron_heilman	baseball
gordie_howe	hockey
duaner_sanchez	baseball
vinnie_chulk	baseball
marc_bulger	baseball
huston_street	baseball
jay_marshall	baseball
jose_mercedes	baseball
grady_sizemore	baseball
matt_clement	baseball
jeff_fulchino	baseball
mitch_stetter	baseball
mark_loretta	baseball
chris_hammond	baseball
eugenio_velez	football
nick_masset	baseball
takashi_saito	baseball
scott_downs	baseball
juan_cruz	baseball
brian_slocum	baseball
sean_green	baseball
erik_morales	boxing
jon_lieber	baseball
joe_smith	baseball
honus_wagner	baseball
eli_manning	football
fernando_tatis	baseball
willy_aybar	baseball
brian_westbrook	football
jon_leicester	baseball
francisco_liriano	baseball
jeff_fiorentino	baseball
edinson_volquez	baseball
alfonso_soriano	baseball
andrew_miller	baseball
matt_ryan	hockey
juan_miranda	baseball
brad_nelson	baseball
matt_hensley	baseball
jj_putz	baseball
ruben_quevedo	baseball
paul_hornung	football
mark_anderson	football
josh_geer	baseball
kris_medlen	baseball
frank_catalanotto	hockey
dennys_reyes	baseball
brad_ziegler	baseball
ryan_madson	baseball
justin_upton	baseball
kazuo_matsui	baseball
mark_brunell	football
george_sherrill	baseball
kyle_wellwood	baseball
aaron_hill	baseball
gary_carter	baseball
kendry_morales	baseball
guillermo_quiroz	baseball
alan_trammell	baseball
guillermo_mota	baseball
nathan_haynes	baseball
j_r__towles	baseball
wladimir_balentien	baseball
jason_blake	baseball
brett_anderson	baseball
chris_gissell	baseball
devern_hansack	baseball
chris_johnson	football
daryl_thompson	baseball
kameron_loe	baseball
carmen_cali	baseball
ryan_braun	baseball
b_j__ryan	baseball
zack_segovia	baseball
mike_hinckley	baseball
dave_bush	baseball
brett	football
jon_switzer	baseball
jeremy_powell	baseball
chris_volstad	baseball
joel_zumaya	baseball
greg_reynolds	baseball
eulogio_de_la_cruz	baseball
dan_giese	baseball
ken_griffey_jr	baseball
babe_ruth_and_lou_gehrig	baseball
will_ohman	baseball
ross_ohlendorf	baseball
mike_stanton	baseball
brian_bass	baseball
daniel_moskos	baseball
sal_fasano	baseball
grant_balfour	baseball
jose_valverde	baseball
lance_broadway	baseball
julio_f__santana	baseball
dave_henderson	baseball
fergie_jenkins	baseball
brad_hennessey	baseball
alejandro_de	baseball
mark_worrell	baseball
mike_mussina	baseball
bill_white	baseball
lenny_dykstra	baseball
chris_shelton	baseball
aquilino_lopez	baseball
eli_marrero	football
john_kelly	baseball
juan_acevedo	baseball
matt_childers	baseball
chris_bosh	basketball
joe_thatcher	baseball
juan_morillo	baseball
jason_kubel	baseball
david_riske	baseball
tim_wood	baseball
ryne_sandberg	baseball
hideki_matsui	baseball
doug_waechter	baseball
chad_paronto	baseball
corey_dillon	football
alcides_escobar	baseball
tim_wakefield	baseball
les_walrond	baseball
bryan_bullington	baseball
carlos_muniz	baseball
stephen_drew	baseball
hal_morris	baseball
randy_flores	baseball
bryan_corey	baseball
melvin_mora	baseball
brian_moehler	baseball
robert_manuel	baseball
russ_springer	baseball
alfredo_simon	baseball
horacio_estrada	baseball
glen_coffee	baseball
bruce_chen	baseball
clay_condrey	baseball
carmelo_anthony	baseball
anthony_lerew	baseball
ryan_franklin	baseball
jim_plunkett	football
matt_herges	baseball
kelly_stinnett	baseball
antonio_margarito	boxing
howie_clark	baseball
drew_gooden	basketball
josh_whitesell	baseball
bobby_seay	baseball
dane_sardinha	baseball
jim_edmonds	football
matt_morris	baseball
mike_maroth	football
gavin_floyd	baseball
manny_aybar	baseball
jeff_ridgway	baseball
luis_valbuena	baseball
kelvim_escobar	baseball
michael_wuertz	baseball
chuck_james	baseball
alfredo_figaro	baseball
daniel_barone	baseball
fabio_castro	baseball
henry_blanco	baseball
david_aardsma	baseball
luis_martinez	baseball
jason_kershner	baseball
jhonny_nunez	baseball
aaron_laffey	baseball
ross_detwiler	baseball
osiris_matos	baseball
josh_newman	baseball
scott_hairston	baseball
damian_jackson	baseball
buster_posey	baseball
nady	baseball
jose_capellan	baseball
yorman_bazardo	baseball
akinori_otsuka	baseball
rick_bauer	baseball
miguel_ojeda	baseball
salomon_torres	baseball
dallas_braden	baseball
trever_miller	baseball
chuck_knoblauch	baseball
robb_nen	football
scott_feldman	baseball
kirk_hinrich	baseball
ronny_turiaf	baseball
steve_young	football
jason_johnson	baseball
dennis_tankersley	baseball
steve_nash	baseball
kei_igawa	baseball
cj_wilson	baseball
boone_logan	baseball
jed_lowrie	baseball
jeremy_guthrie	baseball
brandon_jackson	football
chris_narveson	baseball
tom_seaver	baseball
tommy_hunter	baseball
brian_duensing	baseball
aaron_miles	baseball
matt_macri	baseball
corky_miller	baseball
jay_pandolfo	baseball
julian_tavarez	baseball
miguel_cairo	baseball
philip_rivers	football
ben_bishop	football
troy_patton	baseball
stan_musial	baseball
mike_matheny	baseball
mark_sweeney	baseball
brad_mills	baseball
joe_morgan	baseball
scott_schoeneweis	baseball
phil_coke	baseball
jason_miller	baseball
wade_boggs	baseball
octavio_dotel	baseball
kyle_mcclellan	baseball
keiichi_yabu	baseball
eric_gagne	baseball
bret_boone	baseball
russ_ortiz	baseball
fernando_martinez	baseball
nicklas_lidstrom	hockey
darren_o_day	baseball
joey_devine	baseball
frank_francisco	baseball
dave_roberts	baseball
sean_kazmar	baseball
levale_speigner	baseball
jarrod_saltalamacchia	baseball
chad_fox	baseball
jose_lima	baseball
nate_mclouth	baseball
giovanni_carrara	baseball
byung_hyun_kim	baseball
roger_clemens	baseball
carlos_villanueva	baseball
jack_taschner	football
boof_bonser	baseball
aaron_cook	baseball
john_smoltz	baseball
scott_kazmir	baseball
sean_gallagher	baseball
scott_baker	baseball
rickey_henderson	baseball
albert_belle	baseball
jack_cust	baseball
felipe_paulino	baseball
ted_williams	baseball
dioner_navarro	baseball
jorge_sosa	baseball
fernando_nieve	baseball
brian_stokes	baseball
chan_ho_park	baseball
matt_desalvo	baseball
alex_romero	baseball
todd_hollandsworth	baseball
jeremy_sowers	baseball
jerry_west	baseball
matt_cassel	football
kelvin_jimenez	baseball
matt_albers	baseball
dan_marino	baseball
horacio_ramirez	baseball
clayton_kershaw	baseball
goose_gossage	baseball
marshawn_lynch	football
chris_tillman	baseball
tony_pena	baseball
antonio_osuna	baseball
bret_prinz	baseball
francisco_cruceta	baseball
eric_young	baseball
joe_johnson	basketball
chris_bootcheck	baseball
travis_metcalf	hockey
jeremy_hellickson	baseball
randor_bierd	baseball
ryan_dempster	baseball
tony_sipp	baseball
brandon_morrow	baseball
miguel_tejada	baseball
edgar_gonzalez	baseball
fred_lewis	football
shaun_marcum	baseball
rob_mackowiak	baseball
fu_te_ni	baseball
blaine_neal	baseball
koyie_hill	baseball
francisco_cordero	baseball
charlie_manning	baseball
jamey_carroll	baseball
gary_majewski	baseball
jim_hoey	baseball
lou_gehrig	baseball
joey_votto	baseball
hiroki_kuroda	baseball
kevin_youkilis	baseball
brandon_puffer	baseball
sergio_romo	baseball
clayton_richard	baseball
wayne_franklin	baseball
dave_johnson	baseball
derek_anderson	football
bob_wickman	baseball
jeff_clement	baseball
david_justice	baseball
andy_laroche	baseball
glendon_rusch	baseball
mark_teixeira	baseball
ryan_zimmerman	baseball
clay_hensley	baseball
tim_stauffer	baseball
lastings_milledge	baseball
scott_strickland	baseball
luis_figueroa	baseball
billy_petrick	baseball
phil_rizzuto	baseball
jason_vargas	baseball
andre_iguodala	basketball
josh_tomlin	baseball
tom_martin	baseball
mariano_rivera	baseball
radhames_liz	baseball
sal_maglie	football
john_maine	baseball
john_axford	baseball
max_ramirez	hockey
ugueth_urbina	baseball
neftali_feliz	baseball
rex_grossman	football
wade_miller	baseball
chin_lung_hu	baseball
jered_weaver	baseball
troy_glaus	baseball
john_patterson	baseball
matt_kemp	baseball
jason_kapono	basketball
julio_franco	baseball
matt_kinney	baseball
henry_rodriguez	baseball
graham_harrell	baseball
jerry_blevins	baseball
mark_teahen	baseball
esteban_loaiza	baseball
juan_gonzalez	baseball
danny_richar	baseball
reggie_wayne	football
gio_gonzalez	baseball
matt_williams	baseball
chris_heintz	baseball
brayan_pena	baseball
fausto_carmona	baseball
dustin_mcgowan	baseball
zach_miner	baseball
ben_gordon	baseball
laurence_maroney	football
chris_sampson	baseball
jeff_francis	baseball
rafael_perez	baseball
rondell_white	baseball
chad_orvella	baseball
deion_sanders	baseball
koji_uehara	baseball
aj_burnett	baseball
scott_linebrink	baseball
john_elway	football
noah_lowry	baseball
michael_young	hockey
jhoulys_chacin	baseball
carlos_martinez	baseball
jae_kuk_ryu	baseball
gaylord_perry	baseball
ricky_nolasco	baseball
ryan_sweeney	baseball
jon_adkins	baseball
yasuhiko_yabuta	baseball
mitch_williams	baseball
edwar_ramirez	baseball
prince_fielder	baseball
jason_kidd	basketball
ron_mahay	baseball
jesse_orosco	baseball
sandy_koufax	baseball
emil_brown	baseball
ryan_ludwick	football
joe_montana	football
michael_vick	football
tom_mastny	baseball
phil_simms	football
jonathan_huber	baseball
manuel_corpas	baseball
carlos_fisher	baseball
yuniesky_betancourt	baseball
bill_mazeroski	baseball
chris_resop	baseball
craig_hansen	baseball
cory_doyne	baseball
gordon_beckham	baseball
carlos_silva	baseball
ryan_raburn	baseball
jason_frasor	baseball
kevin_gregg	baseball
geoff_jenkins	baseball
jason_wright	football
pedro_feliz	baseball
jose_ceda	baseball
jason_grimsley	baseball
logan_kensing	baseball
joe_sakic	hockey
brian_giles	baseball
manny_delcarmen	baseball
eric_o_flaherty	baseball
jake_westbrook	baseball
warner_madrigal	baseball
scott_rolen	baseball
david_robinson	basketball
alex_serrano	baseball
tony_gwynn	baseball
chad_gaudin	baseball
steve_kline	baseball
al_harrington	baseball
ronny_paulino	baseball
chris_lambert	baseball
nolan_ryan	baseball
mark_derosa	baseball
damion_easley	baseball
josh_roenicke	baseball
luis_vizcaino	baseball
peter_moylan	baseball
doug_mathis	baseball
joakim_soria	baseball
jarrod_washburn	baseball
jeff_salazar	baseball
john_olerud	baseball
john_tyler	baseball
billy_wagner	baseball
victor_martinez	baseball
wade_leblanc	baseball
c_c__sabathia	baseball
eddie_kunz	baseball
luke_hudson	baseball
mike_parisi	baseball
jay_powell	baseball
curtis_granderson	baseball
matt_leinart	golf
franklin_morales	baseball
rob_bell	baseball
paul_lo_duca	baseball
satchel_paige	baseball
brian_buscher	baseball
kent_mercker	baseball
dan_wheeler	baseball
david_huff	baseball
darwin_cubillan	baseball
brian_fuentes	baseball
alex_s__gonzalez	baseball
kirby_puckett	baseball
ernie_banks	baseball
jason_bay	baseball
scott_hatteberg	baseball
tim_byrdak	baseball
joe_martinez	baseball
jason_bulger	baseball
kurt_birkins	baseball
david_pauley	baseball
jon_rauch	baseball
scott_spiezio	football
mike_romano	baseball
mark_buehrle	baseball
john_rheinecker	baseball
joba_chamberlain	baseball
scott_sauerbeck	baseball
jeremy_roenick	baseball
cliff_lee	baseball
edgar_martinez	baseball
jose_marte	baseball
chris_duncan	hockey
josh_wilson	baseball
denny_bautista	baseball
tim_gleason	baseball
chase_wright	baseball
eric_milton	baseball
renyel_pinto	baseball
ruben_mateo	hockey
tony_abreu	baseball
tomo_ohka	baseball
tony_larussa_mg	baseball
tobi_stoner	baseball
matt_maloney	baseball
john_bannister	baseball
ramon_martinez	baseball
reggie_sanders	football
juan_mateo	baseball
alex_hinshaw	football
chad_qualls	baseball
sam_gervacio	baseball
jon_kitna	baseball
ramon_ortiz	baseball
brendan_shanahan	hockey
jayson_werth	baseball
josh_phelps	baseball
ryan_klesko	baseball
hank_aaron	baseball
shairon_martis	baseball
trevor_bell	baseball
ben_francisco	baseball
bj_upton	baseball
matt_hasselbeck	football
wilkin_ramirez	baseball
kevin_faulk	football
ryan_church	baseball
shawn_horcoff	basketball
mo_vaughn	baseball
brad_halsey	baseball
andrew_bogut	baseball
bartolo_colon	baseball
jim_leyritz	baseball
bryan_morris	baseball
todd_walker	baseball
greg_burke	baseball
joseph_johnson	baseball
milton_bradley	baseball
jair_jurrjens	baseball
claudio_vargas	baseball
ambiorix_burgos	baseball
jerry_owens	baseball
marquis_grissom	baseball
blaine_boyer	baseball
r_a__dickey	baseball
erick_dampier	basketball
bernie_williams	baseball
michael_bourn	baseball
matt_garza	baseball
jeremy_hermida	baseball
joaquin_arias	baseball
justin_huber	baseball
brian_wolfe	baseball
al_leiter	baseball
matt_harrison	baseball
bobby_keppel	baseball
chris_michalak	baseball
john_parrish	baseball
ricardo_rincon	baseball
steve_trachsel	baseball
bobby_parnell	baseball
ryan_theriot	baseball
felix_pie	baseball
nate_schierholtz	football
jensen_lewis	baseball
joe_kennedy	baseball
thurman_thomas	football
jason_marquis	baseball
jimmy_rollins	baseball
ian_stewart	baseball
eduardo_perez	baseball
wil_ledezma	baseball
vladimir_nunez	baseball
daniel_bard	baseball
collin_balester	baseball
jeremy_accardo	baseball
patrick_neshek	baseball
yusmeiro_petit	baseball
randy_jones	baseball
damaso_marte	baseball
chris_chambliss	baseball
brian_bruney	baseball
eric_byrnes	baseball
rick_helling	baseball
chris_ray	baseball
dale_thayer	baseball
geoff_geary	baseball
elmer_dessens	baseball
phil_nevin	baseball
armando_benitez	baseball
florida_marlins_rp_antonio_alfonseca	baseball
tad_iguchi	baseball
blake_hawksworth	baseball
justin_duchscherer	baseball
jeff_francoeur	baseball
juan_rincon	baseball
walter_payton	hockey
tiki_barber	football
brandon_backe	baseball
jason_davis	baseball
matt_thornton	baseball
jesse_foppert	baseball
randy_choate	baseball
doug_brocail	baseball
esteban_german	baseball
alfredo_amezaga	baseball
yovani_gallardo	baseball
santiago_casilla	baseball
ryan_sadowski	baseball
matt_lindstrom	baseball
gary_matthews_jr	baseball
curt_schilling_as	baseball
mike_macdougal	baseball
roman_colon	baseball
ernie_davis	baseball
mitch_maier	baseball
tom_glavine	baseball
jason_varitek	baseball
royce_ring	baseball
justin_germano	baseball
dennis_eckersley	baseball
aaron_fultz	baseball
anderson_hernandez	baseball
david_cortes	baseball
jamie_walker	baseball
josh_fields	baseball
mike_adams	baseball
alfredo_aceves	baseball
ichiro_suzuki	baseball
carlos_ruiz	baseball
denard_span	baseball
jeff_mathis	baseball
shane_spencer	baseball
wilson_valdez	baseball
homer_bailey	baseball
cesar_carrillo	baseball
arthur_rhodes	baseball
casey_janssen	baseball
jonathan_broxton	baseball
jose_ascanio	baseball
bob_howry	baseball
oscar_villarreal	baseball
garrett_olson	baseball
rashard_mendenhall	football
roy_corcoran	baseball
derrick_turnbow	baseball
eliezer_alfonzo	baseball
ty_taubenheim	baseball
michael_cuddyer	baseball
chase_utley_and_ryan_howard	baseball
todd_pratt	baseball
roberto_clemente	baseball
matt_daley	baseball
justin_lehr	baseball
angel_miranda	baseball
bobby_thomson	football
chad_durbin	baseball
kelly_wunsch	baseball
jerry_gil	baseball
scott_dunn	baseball
rusty_staub	baseball
tanyon_sturtze	baseball
jose_bautista	baseball
eric_munson	baseball
miguel_olivo	baseball
dewon_day	baseball
joe_blanton	baseball
david_bell	baseball
john_halama	baseball
joaquin_benoit	baseball
b_j__upton	baseball
david_robertson	baseball
timothy_hamulack	baseball
chad_bradford	baseball
jerome_bettis	football
jesse_litsch	baseball
cha_seung_baek	baseball
ramon_a__ramirez	baseball
andrew_sisco	baseball
hank_blalock	baseball
chris_perez	baseball
todd_coffey	baseball
gehrig	baseball
matt_cepicky	baseball
edwin_encarnacion	baseball
ross_wolf	baseball
doug_davis	baseball
roger_maris	baseball
joel_peralta	baseball
bill_pulsipher	baseball
lee_gardner	baseball
mike_pelfrey	baseball
tom_gorzelanny	baseball
tino_martinez	baseball
jerome_williams	baseball
matt_kata	baseball
bobby_korecky	baseball
ryan_rowland_smith	baseball
mike_cameron	baseball
ed_mujica	baseball
joe_beimel	baseball
joel_guzman	baseball
ken_hill	baseball
jason_terry	baseball
ryan_hanigan	baseball
adam_eaton	baseball
wade_dubielewicz	basketball
asdrubal_cabrera	baseball
rajai_davis	baseball
edgerrin_james	hockey
steven_register	baseball
jamie_vermilyea	baseball
ryan_feierabend	baseball
jason_berken	baseball
rickie_weeks	baseball
david_carr	baseball
steve_finley	baseball
mike_burns	baseball
josh_kinney	baseball
gabe_kapler	baseball
toby_hall	baseball
matt_forte	hockey
kevin_kouzmanoff	baseball
scott_proctor	baseball
ryan_speier	baseball
jeff_bennett	baseball
carmen_pignatiello	baseball
ryan_shealy	baseball
mark_mulder	football
rudy_seanez	baseball
curtis_pride	baseball
daniel_cabrera	baseball
shigetoshi_hasegawa	baseball
danys_baez	baseball
sergio_mitre	baseball
eddie_guardado	baseball
a_j__pierzynski	baseball
brandon_duckworth	baseball
leo_rosales	baseball
alex_herrera	baseball
david_boston	football
paul_bako	baseball
jimmy_gobble	baseball
ross_gload	baseball
luis_hernandez	baseball
brian_barton	football
neal_musser	baseball
bobby_livingston	baseball
jose_paniagua	baseball
willie_bloomquist	baseball
craig_breslow	baseball
john_ennis	baseball
eric_dickerson	football
jorge_julio	baseball
shelley_duncan	baseball
jesse_carlson	baseball
james_harden	football
scott_eyre	baseball
steve_garvey	baseball
greg_aquino	baseball
mike_rabelo	baseball
edgar_renteria	baseball
carlos_quentin	baseball
mark_redman	baseball
rob_tejeda	baseball
david_patton	baseball
nook_logan	baseball
chad_cordero	baseball
dan_fouts	football
mark_prior	baseball
brandon_mccarthy	baseball
bobby_jenks	baseball
rafael_soriano	baseball
heath_bell	baseball
lyle_overbay	baseball
d_j__carrasco	baseball
billy_buckner	baseball
santiago_ramirez	baseball
juan_rivera	baseball
brett_tomko	baseball
brian_sanches	baseball
mike_lieberthal	baseball
brady_clark	baseball
bill_bray	baseball
josh_rabe	baseball
marco_estrada	baseball
juan_diaz	boxing
joe_inglett	baseball
aramis_ramirez	baseball
andrew_brackman	baseball
esteban_yan	baseball
mike_zagurski	baseball
enrique_gonzalez	baseball
jack_morris	baseball
clay_rapada	baseball
whitey_ford	baseball
omar_vizquel	baseball
hayden_penn	baseball
carson_palmer	football
brian_shouse	baseball
john_wasdin	baseball
dan_meyer	baseball
ryan_getzlaf	hockey
morgan_ensberg	baseball
jason_grilli	baseball
chris_widger	baseball
jonathan_albaladejo	baseball
larry_doby	baseball
mark_mcgwire	football
chris_reitsma	baseball
jeff_samardzija	baseball
brad_thomas	baseball
kyle_farnsworth	baseball
dave_righetti	baseball
chris_smith	baseball
magglio_ordonez	baseball
vicente_padilla	baseball
justin_miller	baseball
jason_kendall	baseball
jake_mcgee	baseball
andy_cavazos	baseball
brian_urlacher	football
kevin_hart	baseball
chris_redman	football
virgil_vasquez	baseball
jack_egbert	baseball
micah_owings	baseball
jeff_karstens	baseball
torii_hunter	baseball
chase_budinger	baseball
anibal_sanchez	baseball
john_havlicek	basketball
adrian_gonzalez	baseball
nomar_garciaparra	baseball
antonio_pierce	hockey
miguel_batista	baseball
travis_blackley	baseball
nick_punto	baseball
ruddy_lugo	baseball
ethier	baseball
emmitt_smith	football
nelson_figueroa	baseball
kurt_warner	football
ian_snell	baseball
andruw_jones	baseball
tim_corcoran	baseball
shin_soo_choo	baseball
david_herndon	baseball
peavy	baseball
jonathan_papelbon	baseball
brad_lidge	baseball
harmon_killebrew	baseball
willie_stargell	baseball
matt_guerrier	baseball
kiko_calero	baseball
manny_parra	baseball
jd_durbin	baseball
jack_cassel	baseball
david_ortiz	baseball
shawn_hill	baseball
max_scherzer	baseball
mark_kotsay	baseball
alberto_gilardino	baseball
darren_mcfadden	football
joe_nathan	baseball
angel_sanchez	baseball
david_davidson	baseball
chris_jenkins	baseball
thomas_diamond	baseball
carl_hubbell	football
ty_cobb	baseball
wiki_gonzalez	baseball
joey_harrington	baseball
a_j__hawk	baseball
wes_littleton	baseball
daryle_ward	baseball
raul_mondesi	baseball
chris_iannetta	baseball
kazuo_fukumori	baseball
don_larsen	baseball
john_koronka	baseball
daisuke_matsuzaka	baseball
james_parr	baseball
tyler_walker	baseball
chris_britton	baseball
steve_woodard	baseball
fernando_rodney	baseball
wilfredo_ledezma	baseball
leon_powe	baseball
scott_elarton	baseball
ryan_rohlinger	baseball
jason_michaels	baseball
scot_shields	baseball
john_grabow	baseball
zach_jackson	baseball
paul_byrd	baseball
jake_woods	baseball
juan_ramirez	baseball
juan_encarnacion	baseball
bill_mueller	baseball
dwight_gooden	baseball
christy_mathewson	football
sean_henn	baseball
cesar_valdez	baseball
brian_schneider	baseball
wilfrido_perez	baseball
mitchell_boggs	baseball
dustin_nippert	baseball
phil_dumatrait	baseball
garrett_mock	baseball
pedro_astacio	baseball
joe_mays	baseball
greg_oden	baseball
ryan_perry	baseball
adam_bernero	baseball
mark_grace	baseball
gaby_hernandez	baseball
darren_oliver	baseball
carey_price	baseball
drew_stubbs	baseball
sammy_baugh	football
alberto_arias	baseball
sidney_govou	baseball
jailen_peguero	baseball
juan_francisco	baseball
daniel_runzler	baseball
willie_mccovey	baseball
matt_laporta	baseball
kevin_mench	baseball
cory_wade	baseball
marques_colston	football
pedro_feliciano	baseball
willie_eyre	baseball
anthony_parker	baseball
jacoby_ellsbury	baseball
dennis_sarfate	baseball
rob_bowen	baseball
paul_martin	basketball
guillermo_moscoso	baseball
ron_villone	baseball
joel_hanrahan	baseball
kelly_shoppach	baseball
jeremy_reed	baseball
joe_flacco	football
brian_reith	baseball
rogers_hornsby	football
fernando_cabrera	baseball
jason_romano	baseball
eric_hacker	baseball
shawn_chacon	baseball
felix_jones	football
jeff_tam	baseball
coco_crisp	baseball
brian_falkenborg	baseball
kevin_johnson	basketball
paul_maholm	baseball
jeff_niemann	baseball
braden_looper	football
chris_booker	baseball
trent_edwards	football
anderson_garcia	baseball
mcgwire_and_sammy_sosa	baseball
clay_buchholz	baseball
casey_mcgehee	baseball
placido_polanco	baseball
len_dawson	football
ramon_santiago	baseball
j_t__snow	football
john_danks	baseball
joel_pineiro	baseball
dirk_hayhurst	baseball
pat_burrell	baseball
catcher_ivan_rodriguez	baseball
evan_meek	baseball
edgardo_alfonzo	baseball
brandon_league	baseball
scott_mathieson	baseball
tyler_yates	baseball
merkin_valdez	baseball
joe_crede	baseball
brian_burres	baseball
steve_carlton	baseball
jesus_delgado	baseball
brad_eldred	baseball
jason_giambi	baseball
tim_dillard	baseball
ramon_vazquez	baseball
josh_towers	baseball
pedro_alvarez	baseball
eric_cantona	baseball
mark_hendrickson	baseball
josh_butler	baseball
josh_sharpless	baseball
alex_periard	baseball
ricky_romero	baseball
t__j__beam	baseball
felix_rodriguez	baseball
kevin_mulvey	baseball
kevin_millwood	hockey
hector_mercado	baseball
matt_belisle	baseball
david_cone	baseball
colt_mccoy	baseball
eddie_mathews	baseball
mike_gonzalez	baseball
jacob_cruz	baseball
juan_salas	baseball
scott_cassidy	baseball
josh_hancock	baseball
ted_lilly	baseball
chris_waters	baseball
cla_meredith	baseball
chris_seddon	baseball
saul_rivera	baseball
franklin_gutierrez	baseball
jim_brower	baseball
scott_dohmann	baseball
elvis_andrus	hockey
kevin_jepsen	baseball
jeremy_affeldt	baseball
latroy_hawkins	baseball
doug_mirabelli	basketball
wilkin_castillo	baseball
leo_nunez	baseball
luis_aparicio	baseball
ty_conklin	baseball
jose_contreras	baseball
barry_zito	baseball
juan_uribe	baseball
kevin_brown	baseball
dusty_hughes	baseball
javier_lopez	baseball
jesus_guzman	baseball
zack_greinke	baseball
alay_soler	baseball
o_j__mayo	basketball
wesley_wright	baseball
dwayne_jarrett	football
buddy_ryan	baseball
matt_cain	baseball
dana_eveland	baseball
eric_hurley	baseball
roberto_duran	boxing
matt_murton	baseball
shawn_camp	baseball
mike_ekstrom	baseball
ben_broussard	baseball
deshaun_foster	football
felix_heredia	baseball
alexi_casilla	baseball
robin_ventura	baseball
akinori_iwamura	baseball
marcus_mcbeth	baseball
jared_wells	baseball
justin_verlander	basketball
jason_brown	football
sean_marshall	baseball
edwin_jackson	baseball
victor_garate	baseball
buddy_carlyle	baseball
ray_durham	football
jeff_weaver	baseball
desean_jackson	baseball
brad_penny	baseball
matt_palmer	baseball
arturo_lopez	baseball
jason_jennings	baseball
ronnie_brown	football
kyle_snyder	baseball
brandon_medders	baseball
jason_isringhausen	baseball
mike_tyson	boxing
john_wetteland	baseball
mike_gallo	baseball
henry_barrera	baseball
cliff_politte	baseball
jason_motte	baseball
victor_diaz	baseball
shane_battier	baseball
ramon_troncoso	baseball
mickey_mantle	baseball
delwyn_young	baseball
matt_capps	baseball
sean_rodriguez	baseball
al_reyes	baseball
isidro_marquez	baseball
chad_reineke	baseball
mel_ott	football
corey_patterson	baseball
odalis_perez	baseball
jerry_rice	football
matt_lawton	baseball
joselo_diaz	baseball
chris_carpenter	baseball
rich_thompson	baseball
derrick_ward	football
mike_fontenot	baseball
lamont_jordan	football
angel_guzman	baseball
jj_hardy	baseball
matt_riley	baseball
seth_mcclung	baseball
cory_lidle	baseball
mike_lincoln	baseball
mitch_talbot	baseball
chris_capuano	baseball
julius_jones	football
ervin_santana	baseball
antonio_cromartie	football
pat_misch	baseball
eddie_bonine	baseball
marlon_byrd	hockey
bill_murphy	baseball
joe_randa	baseball
matt_wise	baseball
jermaine_dye	baseball
joe_lee	golf
moises_alou	football
josh_anderson	baseball
david_ross	baseball
cory_bailey	baseball
jeff_suppan	baseball
allan_houston	basketball
floyd_mayweather_jr_	boxing
paul_pierce	basketball
david_eckstein	baseball
daniel_mccutchen	baseball
rafer_johnson	track_and_field
byron_nelson	golf
mick_foley	wrestling
alan_embree	baseball
graham_marsh	golf
michael_o_connor	baseball
fazio	golf
mike_napoli	baseball
javier_mascherano	baseball
dave_winfield	baseball
robert_van_hagge	golf
robert_muir_graves	golf
jamey_wright	baseball
cabell_robinson	golf
gary_panks	golf
ian_laperriere	hockey
robert_cupp	golf
greg_smith	baseball
robert_trent_jones	championship_golf
ted_mcanlis	golf
tom_doak	golf
desmond_muirhead	golf
rees_jones	golf
alex_cora	baseball
casey_fossum	baseball
donald_steel	golf
greg_norman	golf
tom_weiskopf	golf
steve_smyers	golf
stanley_thompson	golf
josh_bard	baseball
les_furber	golf
von_hagge	golf
graham_cooke	golf
brandon_webb	baseball
jay_morrish	golf
ron_garl	golf
cleon_jones	baseball
greg_nash	golf
lou_merloni	baseball
arnold_palmer	golf
brandon_marshall	baseball
barry_ferguson	baseball
kevin_millar	baseball
andy_dye	golf
bob_cupp	golf
gordon_lewis	golf
keith_foster	golf
mike_williams	football
gary_bennett	baseball
willard_byrd	golf
robert_trent_jones_jr	golf
robert_trent_jones_ii	golf
mike_young	golf
jeff_fassero	baseball
kenji_johjima	baseball
weiskopf	golf
karl_litten	golf
brian_wilson	baseball
steve_mcnair	football
glen_murray	baseball
gene_bates	golf
david_hernandez	baseball
ledley_king	baseball
glen_davis	hockey
frank_lampard	baseball
dr__michael_hurdzan	golf
robert_trent_jones___sr__	golf
martin_hawtree	golf
bill_russell	basketball
clint_dempsey	baseball
joe_dimaggio	baseball
david_moss	baseball
severiano_ballesteros	golf
robert_trent_jones___sr	golf
ron_kirby	golf
matt_holliday	baseball
george_cobb	golf
bernard_hopkins	boxing
jon_lester	baseball
brian_bannister	baseball
ronald_fream	golf
robin_nelson	golf
a_w__tillinghast	golf
kevin_o_connor	baseball
david_wells	baseball
brian_mccann	baseball
david_mclay_kidd	golf
brian_anderson	baseball
gary_player	golf
robert_trent_jones___jr	golf
ed_jovanovski	baseball
mike_bibby	basketball
jose_reyes	baseball
jacque_jones	baseball
bobby_weed	golf
kyle_phillips	golf
adam_miller	baseball
perry_maxwell	golf
peter_matkovich	golf
george_fazio	golf
robert_trent_jones_sr_	golf
robert_von_hagge	golf
tom_gordon	baseball
mike_timlin	baseball
andre_miller	football
chris_burke	hockey
kevin_barker	baseball
scott_stevens	hockey
thomas_mcbroom	golf
chris_andersen	basketball
ruud_van_nistelrooy	baseball
tom_fazio	golf
ted_robinson	golf
tom_bendelow	golf
eddie_hackett	golf
joe_nelson	baseball
wayne_rooney	hockey
bill_coore_and_ben_crenshaw	golf
dick_wilson	golf
donald_ross	golf
todd_jones	baseball
dan_maples	golf
craig_anderson	baseball
jack_nicklaus	golf
hale_irwin	golf
james_harrison	baseball
nicklaus_design	golf
nicklaus	championship_golf
clyde_johnston	golf
mackenzie_ross	golf
james_braid	golf
otis_nixon	baseball
ryan_howard	baseball
peter_dye	golf
lee_trevino	golf
ellis_maples	golf
michael_dunn	baseball
ian_woosnam	golf
craig_wilson	baseball
joe_mauer	baseball
ray_king	baseball
kevin_jones	football
doug_carrick	golf
jim_fazio	golf
p_b__dye	golf
steve_slaton	football
sam_bradford	football
armando_galarraga	baseball
greg_jones	baseball
mike_hart	football
ralph_plummer	golf
davis_love_iii	golf
kevin_cameron	baseball
mike_myers	baseball
keith_foulke	baseball
billy_bell	golf
woody_williams	baseball
phil_mickelson	golf
pete_dye_and_jack_nicklaus	golf
alister_mackenzie	golf
trent_jones	golf
willy_taveras	baseball
jim_johnson	baseball
arthur_hills	golf
chris_cooley	football
jeff_bailey	baseball
kevin_garnett	basketball
james_loney	baseball
jason_bartlett	baseball
mike_schmidt	baseball
kevin_slowey	baseball
joe_borowski	baseball
christopher_withrow	baseball
matt_carroll	hockey
reggie_nelson	football
george_brett	baseball
andrew_brunette	baseball
david_booth	hockey
alex_auld	baseball
david_garrard	football
john_bale	baseball
james_shields	baseball
george_hill	baseball
james_mcdonald	baseball
bobby_ryan	hockey
jose_mijares	baseball
rafael_rodriguez	baseball
lenny_dinardo	baseball
jorge_vasquez	baseball
jose_santiago	baseball
jesus_sanchez	baseball
humberto_sanchez	baseball
jose_castillo	football
jorge_campillo	baseball
jose_luis_castillo	boxing
jose_lopez	baseball
carlos_perez	baseball
luis_valdez	baseball
mark_sanchez	football
jose_guillen	baseball
romulo_sanchez	baseball
jorge_de_la_rosa	baseball
yunel_escobar	baseball
orlando_hernandez	baseball
jose_acevedo	baseball
rodrigo_lopez	baseball
fernando_rodriguez	baseball
valerio_de_los_santos	baseball
alex_sanchez	baseball
alberto_castillo	baseball
jose_garcia	baseball
a_rod	baseball
andrew_lorraine	baseball
bubba_crosby	baseball
otto_graham	football
scott_lewis	baseball
charlie_haeger	baseball
tony_scheffler	football
willis_reed	basketball
casey_fien	baseball
sports	baseball
jeff_stevens	baseball
chris_jakubauskas	baseball
seneca_wallace	basketball
joakim_noah	basketball
dwayne_roloson	hockey
dan_serafini	baseball
jim_miller	baseball
marshall_faulk	football
justin_hampson	baseball
ricky_williams	football
fernando_perez	baseball
aroldis_chapman	baseball
cliff_bartosh	baseball
john_gaub	baseball
travis_snider	baseball
vance_wilson	baseball
reggie_white	football
charles_woodson	football
julius_erving	basketball
jason_phillips	baseball
lynn_swann	baseball
josh_freeman	football
troy_tulowitzki	baseball
tracy_mcgrady	basketball
evgeni_nabokov	hockey
michael_bowden	baseball
joe_bisenius	baseball
owen_daniels	football
derek_holland	baseball
dustin_keller	football
brad_butler	football
joey_styles	wrestling
justin_tuck	football
phil_stockman	baseball
chauncey_billups	basketball
marcus_camby	football
danny_granger	basketball
kevin_pucetas	baseball
dustin_ackley	baseball
a_j__feeley	football
justin_berg	baseball
daniel_davidson	baseball
clyde_drexler	basketball
walter_silva	baseball
john_wooden	college_basketball
lamar_odom	basketball
rob_niedermayer	basketball
brian_lawrence	baseball
don_newcombe	basketball
antonio_bastardo	baseball
dwight_howard	baseball
drew_carpenter	baseball
roger_federer	tennis
jim_courier	tennis
brodie_croyle	football
kyle_gunderson	baseball
clemens	baseball
hansel_izquierdo	baseball
brian_moran	baseball
mat_latos	baseball
brent_leach	baseball
felix_trinidad	boxing
justin_masterson	baseball
jordan_de_jong	baseball
jason_windsor	baseball
jonathon_niese	baseball
jon_niese	baseball
esmerling_vasquez	baseball
graham_taylor	baseball
doug_fister	baseball
nerio_rodriguez	baseball
samuel_deduno	baseball
brian_brohm	hockey
brandon_rush	basketball
t_j__ford	basketball
triple_h	wrestling
the_rock	wrestling
luther_hackman	baseball
robby_naish	sailing
big_show	wrestling
todd_redmond	baseball
brett_wallace	football
anthony_morrow	basketball
steve_austin	wrestling
dustin_richardson	baseball
o_j_simpson	football
drew_anderson	baseball
cesar_ramos	baseball
donnie_veal	baseball
masa_kobayashi	baseball
jackie_gayda	wrestling
abdul_jabbar	basketball
craig_morton	football
hulk_hogan	wrestling
matt_joyce	baseball
favre	football
seve_ballesteros	golf
evan_reed	baseball
anthony_smith	football
jordan_zimmermann	baseball
ken_venturi	golf
francisley_bueno	baseball
corey_young	baseball
carlos_rosa	baseball
tom_jackson	golf
pat_rafter	tennis
angel_williams	wrestling
delhomme	football
katsuhiko_maekawa	baseball
iverson	basketball
brett_farve	football
edwin_moses	track_and_field
lleyton_hewitt	tennis
tyson_gay	track
hector_rondon	baseball
don_drysdale	baseball
narciso_elvira	baseball
henry_sosa	baseball
mehmet_okur	basketball
jenrry_mejia	baseball
jacob_turner	baseball
tom_clark	golf
morgan_brinson	baseball
stacy_keibler	wrestling
justin_thomas	baseball
felix_ventura	baseball
kurt_angle	wrestling
joe_calzaghe	boxing
pele	soccer
shelton_benjamin	wrestling
devin_brown	football
daniel_schlereth	baseball
jason_waddell	baseball
eude_brito	baseball
manny_pacquiao	boxing
michael_phelps	swimming
anthony_swarzak	baseball
david_beckham	soccer
bob_griese	football
bobby_carpenter	football
sam_lecure	baseball
daryll_clark	football
george_foreman	boxing
cristhian_martinez	baseball
rafael_nadal	tennis
jd_martin	baseball
juan_abreu	baseball
brad_salmon	baseball
kasey_kiker	baseball
charlie_zink	baseball
wladimir_klitschko	boxing
jonathan_meloan	baseball
ben_howard	baseball
rajon_rondo	basketball
yoslan_herrera	baseball
deuce_lutui	football
dj_houlton	baseball
federer	tennis
brock_lesnar	wrestling
mario_williams	hockey
luis_perdomo	baseball
clay_zavada	baseball
mark_difelice	baseball
clevelan_santeliz	baseball
ben_davis	baseball
zito	baseball
evander_holyfield	boxing
christopher_leroux	baseball
antawn_jamison	basketball
billy_koch	baseball
colter_bean	baseball
nick_price	golf
ballesteros	golf
matt_moore	football
baldelli	baseball
p_j__walters	baseball
sail_rivera	baseball
matt_striker	wrestling
pedro_liriano	baseball
johnny_garland	baseball
derek_hagan	football
hunter_jones	baseball
marino_salas	baseball
andrew_carpenter	baseball
jeremy_jeffress	baseball
kellen_clemens	football
heath_phillips	baseball
sammy_gervacio	baseball
michael_dubee	baseball
anthony_claggett	baseball
josh_shortslef	baseball
beltran_perez	baseball
john_ruiz	boxing
brad_bergesen	baseball
bubba_smith	football
drew_storen	baseball
nick_adenhart	baseball
sean_tracey	baseball
kam_mickolio	baseball
jordan_schafer	baseball
sampras	tennis
brayan_villarreal	baseball
sean_smith	baseball
van_hagge	golf
esmailin_caridad	baseball
joe_namath	football
amare_stoudemire	basketball
adam_bostick	baseball
denny_stark	baseball
kelvin_pichardo	baseball
brent_dlugach	baseball
yao_ming	basketball
lindsay_davenport	tennis
jimmy_barthmaier	baseball
maddux	baseball
marcus_vick	football
rob_van_dam	wrestling
pau_gasol	basketball
felix_doubront	baseball
willie_collazo	baseball
kendal_volz	baseball
fabio_cannavaro	football
mcnabb	football
jaime_garcia	baseball
brandon_villafuerte	baseball
denny_neagle	baseball
jesse_english	baseball
hector_almonte	baseball
dario_veras	baseball
tim_spooneybarger	baseball
dexter_fowler	baseball
marwin_vega	baseball
jon_link	baseball
henin	tennis
alonzo_mourning	basketball
kyler_newby	baseball
gale_sayers	football
cm_punk	wrestling
bret_hart	wrestling
ezequiel_astacio	baseball
ken_takahashi	baseball
rich_gannon	football
pete_sampras	tennis
ken_ray	baseball
craig_stammen	baseball
curtis_painter	football
hasim_rahman	boxing
chris_duhon	basketball
kyle_boller	football
andrew_golota	boxing
jeremy_hill	baseball
floyd_mayweather	boxing
bartolome_fortunato	baseball
matthew_scherer	baseball
darren_clarke	baseball
tony_pena_jr	baseball
fran_tarkenton	football
gretzky	hockey
dye	golf
connor_robertson	baseball
bryan_augenstein	baseball
jurickson_profar	baseball
tyler_flowers	baseball
mcgwire	baseball
jermaine_clark	baseball
joseph_ortiz	baseball
brees	football
arthur_hill	golf
sage_rosenfels	football
christopher_archer	baseball
jermain_taylor	boxing
stephon_marbury	basketball
chris_masters	wrestling
waldis_joaquin	baseball
clay_mortensen	baseball
rey_mysterio	wrestling
yannick_noah	tennis
julio_pimentel	baseball
lorenzo_barcelo	baseball
sean_west	baseball
larry_bird	basketball
connor_graham	baseball
bonds	baseball
randy_wells	baseball
andy_oliver	baseball
dwayne_wade	basketball
nate_davis	football
brad_kilby	baseball
jason_standridge	baseball
richard_gasquet	tennis
roddick	tennis
devon_lowery	baseball
cedrick_bowers	baseball
jackson_quezada	baseball
kevin_nash	wrestling
matt_white	baseball
bob_keppel	baseball
donald_veal	baseball
john_david_booty	football
larry_bigbie	baseball
doc_gooden	baseball
junichi_tazawa	baseball
carlos_guevara	baseball
red_grange	football
deron_williams	basketball
bud_norris	baseball
armando_gabino	baseball
brae_wright	baseball
pedro_strop	baseball
justin_jones	baseball
drew_naylor	baseball
cody_scarpetta	baseball
tiger_woods	golf
madison_bumgarner	baseball
daniel_ray_herrera	baseball
major_league_baseball_most_valuable_player_award	baseball
mathias_kiwanuka	football
brad_james	baseball
austin_maddox	baseball
esmil_rogers	baseball
matt_jones	football
sting	wrestling
lance_storm	wrestling
josh_papelbon	baseball
sugar_ray_leonard	boxing
ernie_sims	football
cleveland_indians	baseball
ben_graham	football
jones_sr__	golf
warren_sapp	football
derek_lee	baseball
romo	football
sosa	baseball
willie_mcginest	football
oscar_de_la_hoya	boxing
randy_white	football
doug_flutie	football
derrick_harvey	football
