freddie_jones	nba
jj_redick	nba
jake_voskuhl	nba
donell_taylor	nba
clifford_robinson	nba
antoine_wright	nba
carlos_delfino	nba
jonathan_sanchez	nfl
williams	nba
jason_williams	nba
craig_monroe	nba
shaquille_o__neal	nba
tayshaun_prince	nba
manny_malhotra	nhl
fernando_pisani	mlb
brad_thompson	nfl
rashard_lewis	nba
chris_paul	nba
jamal_crawford	nba
mike_green	nba
zach_duke	mlb
ronnie_brewer	nba
casey_blake	mlb
lamarcus_aldridge	nba
rafer_alston	nba
bostjan_nachbar	nba
tyson_chandler	mlb
michael_beasley	nfl
nick_young	nba
andrei_markov	nba
kevin_burleson	nba
frank_robinson	mlb
chien_ming_wang	mlb
willie_parker	nfl
brent_barry	nba
carlos_gomez	nba
roberto_alomar	mlb
bobby_abreu	mlb
jason_maxiell	nba
brandon_bass	nba
jordan_staal	nba
elton_brand	nba
bruce_bowen	nba
marquis_daniels	nba
chris_kaman	nba
rick_nash	major_league_baseball
mike_hampton	mlb
kenny_lofton	mlb
mike_lowell	mlb
willie_hernandez	mlb
bronson_arroyo	mlb
aaron_rowand	mlb
chad_hutchinson	mlb
manu_ginobili	nba
rich_harden	mlb
garrett_atkins	mlb
cuttino_mobley	nba
antonio_daniels	nba
andrea_bargnani	nba
derek_lowe	mlb
andy_johnson	mlb
david_price	mlb
al_thornton	nba
jason_schmidt	mlb
miller	nba
andrew_johnson	mlb
tommy_hanson	mlb
mike_aviles	mlb
josh_beckett	mlb
jeff_nelson	mlb
bobby_jackson	nba
matt_treanor	mlb
gil_meche	mlb
kosuke_fukudome	mlb
charlie_villanueva	mlb
brandon_boggs	nhl
jake_peavy	mlb
david_ragan	nascar
jp_howell	mlb
bart_starr	nfl
brandon_lyon	mlb
kevin_cash	mlb
reggie_smith	mlb
adam_kennedy	nfl
jorge_cantu	mlb
darryl_strawberry	mlb
paul_o_neill	mlb
alexei_ramirez	mlb
darrell_rasner	mlb
yogi_berra	mlb
michael_robinson	acc
ben_sheets	mlb
jhonny_peralta	mlb
carlos_carrasco	mlb
carlos_marmol	mlb
reed_johnson	mlb
gregor_blanco	mlb
sean_burnett	mlb
dwayne_jones	nba
j__d__drew	mlb
hong_chih_kuo	mlb
matt_schaub	nfl
tyler_clippard	mlb
kyle_kendrick	mlb
rick_vandenhurk	mlb
chris_young	mlb
santonio_holmes	nfl
mark_grudzielanek	mlb
jason_garrett	nfl
zdeno_chara	nhl
john_buck	mlb
brad_radke	mlb
raul_ibanez	major_league_baseball
joe_theismann	nfl
daunte_culpepper	nfl
ryan_spilborghs	mlb
yorvit_torrealba	mlb
nelson_r__cruz	mlb
adam_russell	mlb
angel_berroa	mlb
matt_wieters	mlb
henry_owens	mlb
shawn_estes	mlb
david_dejesus	mlb
kip_wells	mlb
hideki_okajima	mlb
ryan_freel	mlb
evan_longoria	mlb
taylor_tankersley	mlb
ryan_doumit	mlb
donovan_mcnabb	nfl
jesse_crain	mlb
tony_dorsett	nfl
russell_westbrook	mlb
evgeni_malkin	nhl
dontrelle_willis	mlb
josh_powell	nba
scott_walker	nba
ubaldo_jimenez	mlb
paul_konerko	mlb
rafael_betancourt	mlb
jojo_reyes	mlb
luis_ayala	mlb
lou_marson	mlb
bernard_robinson	nba
neal_cotts	mlb
jason_richardson	nba
scott_olsen	mlb
jonny_gomes	mlb
andy_marte	mlb
troy_percival	mlb
lendale_white	nfl
charlie_morton	mlb
gil_mcdougald	mlb
kevin_correia	nfl
jose_arredondo	mlb
al_kaline	mlb
aaron_heilman	mlb
gordie_howe	nhl
marc_bulger	mlb
huston_street	mlb
grady_sizemore	mlb
matt_clement	mlb
jeff_fulchino	mlb
mitch_stetter	mlb
mark_loretta	mlb
eugenio_velez	nfl
nick_masset	mlb
takashi_saito	mlb
juan_cruz	mlb
sean_green	major_league_baseball
jon_lieber	mlb
joe_smith	nba
honus_wagner	mlb
eli_manning	nfl
fernando_tatis	mlb
ron_darling	mlb
willy_aybar	mlb
brian_westbrook	nfl
francisco_liriano	mlb
edinson_volquez	mlb
alfonso_soriano	mlb
andrew_miller	mlb
matt_ryan	nfl
jj_putz	major_league_baseball
paul_hornung	nfl
shannon_brown	nba
cesar_izturis	mlb
mark_anderson	nfl
frank_catalanotto	nhl
brad_ziegler	mlb
ryan_madson	mlb
kazuo_matsui	mlb
mark_brunell	nfl
george_sherrill	mlb
kyle_wellwood	mlb
aaron_hill	mlb
gary_carter	mlb
kendry_morales	major_league_baseball
alan_trammell	mlb
guillermo_mota	mlb
j_r__towles	mlb
jason_blake	mlb
chris_johnson	nfl
kameron_loe	mlb
ryan_braun	mlb
dave_bush	mlb
mat_gamel	mlb
brett	nfl
aaron_williams	nba
chris_volstad	mlb
joel_zumaya	mlb
ken_griffey_jr	major_league_baseball
babe_ruth_and_lou_gehrig	mlb
will_ohman	mlb
mike_stanton	mlb
brian_bass	mlb
jose_valverde	mlb
craig_counsell	mlb
tommie_agee	mlb
mike_mussina	mlb
rawle_marshall	nba
lenny_dykstra	mlb
eli_marrero	nfl
john_kelly	mlb
chris_bosh	nba
travis_diener	nba
melvin_sanders	nba
jason_kubel	mlb
dave_kingman	mlb
david_riske	mlb
hideki_matsui	mlb
corey_dillon	nfl
alcides_escobar	mlb
tim_wakefield	mlb
stephen_drew	mlb
hal_morris	mlb
randy_flores	nfl
melvin_mora	mlb
brian_moehler	mlb
glen_coffee	mlb
carmelo_anthony	nba
jim_plunkett	nfl
drew_gooden	nba
dane_sardinha	mlb
jim_edmonds	nfl
matt_morris	mlb
mike_maroth	nfl
gavin_floyd	mlb
luis_valbuena	mlb
greg_biffle	nascar
michael_wuertz	mlb
chuck_james	mlb
travis_ishikawa	mlb
damon_stoudamire	nba
james_singleton	nba
brian_cook	nba
scott_hairston	mlb
buster_posey	mlb
nady	mlb
lew_burdette	mlb
jose_capellan	mlb
jason_donald	mlb
akinori_otsuka	nhl
dallas_braden	mlb
trever_miller	mlb
chuck_knoblauch	mlb
robb_nen	nfl
scott_feldman	nhl
kirk_hinrich	mlb
jose_veras	mlb
ronny_turiaf	mlb
steve_young	nfl
anthony_grundy	nba
matt_bonner	nba
steve_nash	mlb
kei_igawa	mlb
cj_wilson	mlb
jed_lowrie	mlb
jeremy_guthrie	mlb
brandon_jackson	nfl
chris_narveson	mlb
tom_seaver	mlb
aaron_miles	mlb
george_kottaras	mlb
matt_macri	mlb
jay_pandolfo	mlb
lawrence_roberts	nba
philip_rivers	nfl
ben_bishop	nfl
stan_musial	nfl
jose_molina	mlb
joe_morgan	mlb
scott_schoeneweis	mlb
phil_coke	mlb
wade_boggs	mlb
octavio_dotel	mlb
eric_gagne	mlb
jeremy_richardson	nba
bret_boone	major_league_baseball
fernando_martinez	mlb
nicklas_lidstrom	nhl
joey_devine	mlb
frank_francisco	nhl
dave_roberts	mlb
jarrod_saltalamacchia	nhl
nate_mclouth	mlb
jason_hart	nba
roger_clemens	mlb
carlos_villanueva	mlb
jack_taschner	nfl
boof_bonser	mlb
aaron_cook	mlb
john_smoltz	mlb
scott_kazmir	mlb
aaron_mckie	nba
scott_baker	mlb
rickey_henderson	mlb
albert_belle	mlb
ted_williams	mlb
dioner_navarro	mlb
jamaal_tinsley	nba
jorge_sosa	mlb
chan_ho_park	mlb
jeremy_sowers	mlb
jerry_west	nba
matt_cassel	nfl
dan_marino	mlb
horacio_ramirez	mlb
seth_smith	mlb
clayton_kershaw	mlb
goose_gossage	mlb
marshawn_lynch	nfl
fabricio_oberto	nba
tony_pena	mlb
brian_broderick	mlb
nyjer_morgan	mlb
joe_johnson	nba
travis_metcalf	nhl
randor_bierd	mlb
ryan_dempster	mlb
tony_sipp	mlb
brandon_morrow	major_league_baseball
miguel_tejada	mlb
fred_lewis	nfl
shaun_marcum	mlb
brevin_knight	nba
koyie_hill	mlb
francisco_cordero	mlb
jamey_carroll	mlb
lou_gehrig	nfl
joey_votto	mlb
hiroki_kuroda	mlb
kevin_youkilis	mlb
sergio_romo	mlb
derek_anderson	nba
jeff_clement	mlb
david_justice	mlb
andy_laroche	mlb
mark_teixeira	mlb
jonathan_lucroy	mlb
juan_dixon	nba
cameron_maybin	mlb
lastings_milledge	mlb
phil_rizzuto	mlb
jason_vargas	mlb
andre_iguodala	nba
josh_tomlin	mlb
mariano_rivera	mlb
sal_maglie	nfl
john_maine	mlb
john_axford	mlb
kevin_rogers	mlb
max_ramirez	nhl
ugueth_urbina	mlb
rex_grossman	nfl
troy_glaus	mlb
matt_kemp	mlb
jason_kapono	nba
julio_franco	mlb
graham_harrell	nba
mark_teahen	mlb
esteban_loaiza	mlb
juan_gonzalez	mlb
reggie_wayne	nfl
gio_gonzalez	mlb
matt_williams	mlb
james_posey	nba
brayan_pena	mlb
fausto_carmona	mlb
dustin_mcgowan	mlb
jeff_foster	nba
zach_miner	mlb
alex_fernandez	mlb
ben_gordon	mlb
laurence_maroney	nfl
chris_sampson	mlb
jeff_francis	mlb
rafael_perez	mlb
rondell_white	mlb
aj_burnett	mlb
scott_linebrink	mlb
michael_young	nhl
gaylord_perry	mlb
ricky_nolasco	mlb
jannero_pargo	nba
mitch_williams	mlb
edwar_ramirez	mlb
prince_fielder	mlb
jason_kidd	nba
jesse_orosco	mlb
jeff_mcinnis	nba
sandy_koufax	mlb
ryan_ludwick	nfl
michael_vick	nfl
phil_simms	nfl
carlos_fisher	mlb
yuniesky_betancourt	mlb
bill_mazeroski	mlb
chris_resop	mlb
craig_hansen	mlb
jason_frasor	mlb
kevin_gregg	mlb
geoff_jenkins	mlb
jason_wright	nfl
pedro_feliz	mlb
jose_ceda	mlb
logan_kensing	mlb
joe_sakic	nhl
brian_giles	mlb
jake_westbrook	mlb
scott_rolen	mlb
david_robinson	nba
tony_gwynn	mlb
al_harrington	nba
ronny_paulino	mlb
chris_lambert	mlb
nolan_ryan	mlb
mark_derosa	mlb
damion_easley	mlb
peter_moylan	mlb
joakim_soria	mlb
bucky_dent	mlb
jarrod_washburn	mlb
john_olerud	major_league_baseball
billy_wagner	mlb
jared_reiner	nba
c_c__sabathia	mlb
luke_hudson	mlb
curtis_granderson	mlb
matt_leinart	nfl
paul_lo_duca	mlb
brian_buscher	mlb
kent_mercker	mlb
david_huff	mlb
brian_fuentes	mlb
alex_s__gonzalez	mlb
kirby_puckett	mlb
luke_schenscher	nba
jason_bay	mlb
will_venable	mlb
josh_boone	nba
ike_diogu	nba
david_pauley	mlb
earl_boykins	nba
scott_spiezio	nfl
mark_buehrle	mlb
joba_chamberlain	mlb
jeremy_roenick	mlb
cliff_lee	mlb
edgar_martinez	mlb
chris_duncan	nfl
denny_bautista	mlb
tim_gleason	nba
chase_wright	mlb
eric_milton	mlb
ruben_mateo	nhl
jim_thome	mlb
jackie_butler	nba
reggie_sanders	nfl
thurman_munson	mlb
alex_hinshaw	nfl
chad_qualls	mlb
jon_kitna	mlb
ramon_ortiz	mlb
brendan_shanahan	nhl
jayson_werth	mlb
josh_phelps	mlb
david_harrison	nba
hank_aaron	mlb
john_salmons	nba
bj_upton	mlb
matt_hasselbeck	nfl
kevin_faulk	nfl
devean_george	nba
ryan_church	mlb
shawn_horcoff	nba
mo_vaughn	mlb
andrew_bogut	nba
james_white	nba
jim_leyritz	mlb
todd_walker	mlb
joseph_johnson	mlb
franklyn_german	nhl
milton_bradley	mlb
jair_jurrjens	mlb
claudio_vargas	mlb
thome	mlb
blaine_boyer	mlb
r_a__dickey	mlb
erick_dampier	nba
bernie_williams	mlb
michael_bourn	mlb
matt_garza	mlb
jeremy_hermida	mlb
justin_huber	mlb
al_leiter	mlb
matt_harrison	nhl
steve_trachsel	mlb
ryan_theriot	mlb
felix_pie	mlb
nate_schierholtz	nfl
adonal_foyle	nba
brian_skinner	nba
thurman_thomas	nfl
jason_marquis	mlb
jimmy_rollins	mlb
daniel_bard	mlb
jeremy_accardo	mlb
patrick_neshek	mlb
desmond_mason	nba
randy_jones	mlb
damaso_marte	mlb
emeka_okafor	nba
chris_chambliss	mlb
brian_bruney	mlb
eric_byrnes	mlb
mickey_cochrane	mlb
phil_nevin	mlb
armando_benitez	nfl
tad_iguchi	mlb
jeff_francoeur	mlb
walter_payton	nfl
tiki_barber	nfl
brandon_backe	mlb
randy_choate	mlb
esteban_german	mlb
alfredo_amezaga	mlb
yovani_gallardo	mlb
santiago_casilla	mlb
matt_lindstrom	mlb
curt_schilling_as	mlb
mike_macdougal	mlb
ernie_davis	mlb
tom_glavine	mlb
jason_varitek	mlb
royce_ring	mlb
josh_fields	mlb
ichiro_suzuki	major_league_baseball
carlos_ruiz	mlb
denard_span	mlb
jeff_mathis	mlb
shane_spencer	mlb
homer_bailey	mlb
arthur_rhodes	mlb
jonathan_broxton	mlb
oscar_villarreal	mlb
garrett_olson	mlb
rashard_mendenhall	nfl
derrick_turnbow	mlb
austin_jackson	mlb
michael_cuddyer	mlb
chase_utley_and_ryan_howard	mlb
todd_pratt	mlb
roberto_clemente	mlb
bobby_thomson	nfl
chad_durbin	mlb
tanyon_sturtze	mlb
joe_blanton	mlb
david_bell	mlb
joaquin_benoit	nhl
b_j__upton	mlb
chad_bradford	mlb
jerome_bettis	nfl
jesse_litsch	mlb
cha_seung_baek	mlb
ramon_a__ramirez	mlb
hank_blalock	nhl
chris_perez	nfl
todd_coffey	mlb
edwin_encarnacion	mlb
doug_davis	mlb
roger_maris	mlb
tom_gorzelanny	mlb
tino_martinez	mlb
jerome_williams	nfl
dahntay_jones	nba
ryan_rowland_smith	major_league_baseball
mike_cameron	mlb
ed_mujica	mlb
joe_beimel	mlb
joel_guzman	mlb
jason_terry	nba
luis_mendoza	nhl
kevin_mcreynolds	mlb
wade_dubielewicz	nba
asdrubal_cabrera	mlb
rajai_davis	mlb
edgerrin_james	nfl
norm_cash	mlb
rickie_weeks	mlb
jason_collins	nba
david_carr	mlb
matt_forte	nfl
kevin_kouzmanoff	mlb
scott_proctor	mlb
jeff_bennett	mlb
ryan_shealy	mlb
mark_mulder	nfl
daniel_cabrera	mlb
sergio_mitre	mlb
a_j__pierzynski	mlb
brandon_duckworth	mlb
david_boston	nfl
paul_bako	mlb
ross_gload	mlb
brian_barton	nfl
willie_bloomquist	mlb
craig_breslow	mlb
mark_martin	nascar
eric_dickerson	nfl
shelley_duncan	mlb
jesse_carlson	mlb
james_harden	nfl
scott_eyre	mlb
steve_garvey	mlb
mike_rabelo	mlb
edgar_renteria	nfl
carlos_quentin	mlb
dan_fouts	nfl
brandon_mccarthy	mlb
rafael_soriano	mlb
heath_bell	mlb
lyle_overbay	mlb
d_j__carrasco	mlb
jose_calderon	nba
juan_rivera	mlb
brett_tomko	mlb
brian_sanches	mlb
ryan_webb	mlb
mike_lieberthal	mlb
chris_quinn	nba
marco_estrada	mlb
joe_inglett	mlb
aramis_ramirez	mlb
jack_morris	mlb
clay_rapada	mlb
omar_vizquel	nfl
carson_palmer	nfl
brian_shouse	mlb
ryan_getzlaf	nhl
morgan_ensberg	mlb
larry_doby	mlb
mark_mcgwire	nfl
jeff_samardzija	mlb
donyell_marshall	nba
kyle_farnsworth	mlb
dave_righetti	mlb
chris_smith	mlb
magglio_ordonez	mlb
vicente_padilla	mlb
ben_zobrist	mlb
justin_miller	nfl
jason_kendall	mlb
brian_urlacher	nfl
chris_redman	nfl
micah_owings	mlb
jeff_karstens	mlb
torii_hunter	mlb
chase_budinger	mlb
anibal_sanchez	mlb
john_havlicek	nba
adrian_gonzalez	mlb
nomar_garciaparra	mlb
antonio_pierce	nhl
miguel_batista	mlb
nick_punto	mlb
ethier	mlb
emmitt_smith	nfl
kurt_warner	nfl
ian_snell	mlb
andruw_jones	mlb
shin_soo_choo	mlb
david_herndon	mlb
mike_mcclendon	mlb
peavy	mlb
jonathan_papelbon	mlb
brad_lidge	mlb
harmon_killebrew	mlb
willie_stargell	mlb
matt_guerrier	mlb
manny_parra	mlb
jd_durbin	mlb
david_ortiz	mlb
mark_kotsay	mlb
alberto_gilardino	mlb
darren_mcfadden	nfl
joe_nathan	mlb
carl_hubbell	nfl
ty_cobb	mlb
joey_harrington	mlb
a_j__hawk	mlb
wes_littleton	nhl
chris_iannetta	mlb
don_larsen	mlb
daisuke_matsuzaka	mlb
chris_britton	mlb
leon_powe	mlb
jason_michaels	mlb
john_grabow	mlb
george_lucas	nba
paul_byrd	mlb
juan_encarnacion	mlb
bill_mueller	mlb
dwight_gooden	mlb
christy_mathewson	nfl
sean_henn	mlb
brian_schneider	mlb
mitchell_boggs	mlb
joe_mays	mlb
greg_oden	mlb
mark_grace	mlb
carey_price	mlb
sammy_baugh	nfl
alberto_arias	mlb
sidney_govou	mlb
willie_mccovey	nfl
matt_laporta	mlb
marques_colston	nfl
pedro_feliciano	mlb
anthony_parker	nba
jacoby_ellsbury	mlb
paul_martin	mlb
ron_villone	mlb
kelly_shoppach	mlb
joe_flacco	nfl
rogers_hornsby	nfl
felix_jones	nfl
coco_crisp	mlb
brian_falkenborg	mlb
paul_maholm	mlb
braden_looper	nfl
trent_edwards	nfl
colby_rasmus	mlb
clay_buchholz	mlb
casey_mcgehee	mlb
placido_polanco	mlb
len_dawson	nfl
j_t__snow	nfl
john_danks	mlb
joel_pineiro	nfl
pat_burrell	mlb
catcher_ivan_rodriguez	mlb
evan_meek	mlb
brian_burres	mlb
ryan_hollins	nba
steve_carlton	mlb
brad_eldred	mlb
jason_giambi	mlb
tim_dillard	mlb
pedro_alvarez	mlb
eric_cantona	mlb
mark_hendrickson	mlb
kevin_millwood	nhl
david_cone	mlb
colt_mccoy	mlb
eddie_mathews	mlb
mike_gonzalez	mlb
ted_lilly	mlb
cla_meredith	mlb
michael_redd	nba
franklin_gutierrez	mlb
elvis_andrus	nhl
jeremy_affeldt	mlb
doug_mirabelli	nfl
leo_nunez	mlb
luis_aparicio	mlb
ty_conklin	mlb
jose_contreras	mlb
barry_zito	nfl
juan_uribe	mlb
kevin_brown	mlb
dusty_hughes	mlb
javier_lopez	mlb
zack_greinke	mlb
o_j__mayo	nba
dwayne_jarrett	nfl
matt_cain	nfl
matt_murton	mlb
ira_newble	nba
shawn_camp	mlb
deshaun_foster	nfl
alexi_casilla	mlb
robin_ventura	mlb
akinori_iwamura	mlb
justin_verlander	nba
jason_brown	nfl
sean_marshall	mlb
edwin_jackson	mlb
ray_durham	nfl
jeff_weaver	mlb
craig_smith	nba
desean_jackson	nba
brad_penny	mlb
ronnie_brown	nfl
jason_isringhausen	mlb
john_wetteland	mlb
jason_motte	mlb
shane_battier	mlb
ramon_troncoso	mlb
billy_thomas	nba
delwyn_young	mlb
matt_capps	mlb
al_reyes	mlb
elvin_ramirez	mlb
mel_ott	nfl
corey_patterson	mlb
odalis_perez	mlb
jerry_rice	nfl
matt_lawton	mlb
chris_carpenter	nfl
derrick_ward	nfl
mike_fontenot	mlb
lamont_jordan	nfl
jj_hardy	mlb
jackie_jensen	mlb
seth_mcclung	mlb
cory_lidle	mlb
mitch_talbot	mlb
julius_jones	nfl
ervin_santana	mlb
antonio_cromartie	nfl
marlon_byrd	nhl
jermaine_dye	mlb
jerome_james	nba
david_noel	nba
moises_alou	nfl
josh_anderson	mlb
david_ross	mlb
j_r__smith	nba
andrew_mccutchen	mlb
eric_piatkowski	nba
john_thomas	nba
allan_houston	nba
matt_flynn	mlb
danny_fortson	nba
paul_pierce	nba
david_wesley	nba
david_lee	nba
david_eckstein	nfl
joe_gordon	mlb
alan_embree	mlb
javier_mascherano	mlb
dave_winfield	mlb
jamey_wright	nhl
chipper_jones	mlb
ian_laperriere	nhl
andre_brown	nba
alex_cora	mlb
josh_bard	mlb
brandon_webb	nba
cleon_jones	mlb
lou_merloni	mlb
brandon_marshall	mlb
barry_ferguson	mlb
kevin_millar	mlb
mike_williams	nfl
mike_piazza	mlb
jeff_fassero	mlb
jordan_smith	mlb
kenji_johjima	mlb
brian_wilson	nfl
steve_mcnair	nfl
glen_murray	mlb
ledley_king	mlb
glen_davis	nba
frank_lampard	mlb
bill_russell	nba
clint_dempsey	mlb
joe_dimaggio	mlb
david_moss	mlb
matt_holliday	mlb
jon_lester	nba
brian_bannister	mlb
david_wells	mlb
brian_mccann	mlb
ed_jovanovski	mlb
mike_bibby	nba
jose_reyes	nba
jacque_jones	mlb
jim_jackson	nba
tom_gordon	mlb
mike_timlin	mlb
andre_miller	nba
chris_burke	nhl
scott_stevens	nhl
ruud_van_nistelrooy	mlb
wayne_rooney	mlb
bobby_jones	nba
peter_mueller	nba
todd_jones	mlb
dee_brown	nba
craig_anderson	major_league_baseball
james_harrison	nba
otis_nixon	mlb
ryan_howard	mlb
joe_mauer	mlb
kevin_jones	nfl
andre_barrett	nba
steve_slaton	nfl
sam_bradford	nfl
armando_galarraga	mlb
mike_hart	nfl
mike_myers	mlb
woody_williams	mlb
willy_taveras	mlb
jim_johnson	mlb
kevin_harvick	nascar
chris_cooley	nfl
kevin_garnett	nba
james_loney	mlb
jason_bartlett	mlb
mike_schmidt	mlb
kevin_slowey	mlb
joe_borowski	mlb
matt_carroll	nba
reggie_nelson	nfl
george_brett	mlb
andrew_brunette	nba
david_booth	nfl
alex_auld	mlb
david_west	nba
david_garrard	nfl
james_shields	mlb
george_hill	nba
james_mcdonald	mlb
bobby_ryan	nhl
lenny_dinardo	mlb
carlos_santana	mlb
enerio_del_rosario	mlb
jose_castillo	nfl
jorge_campillo	mlb
jose_lopez	major_league_baseball
mark_sanchez	nfl
jose_guillen	mlb
jorge_de_la_rosa	mlb
yunel_escobar	mlb
orlando_hernandez	mlb
a_rod	mlb
bubba_crosby	mlb
otto_graham	nfl
jerry_hairston_jr	mlb
eric_williams	nba
darius_songaila	nba
seneca_wallace	nba
scottie_pippen	nba
wilt_chamberlain	nba
dwayne_roloson	nhl
marshall_faulk	nfl
andre_owens	nba
ricky_williams	nfl
fernando_perez	mlb
bonzi_wells	nba
mike_james	nba
travis_snider	mlb
darrick_martin	nba
darko_milicic	nba
reggie_white	nfl
charles_woodson	nfl
julius_erving	nba
jason_phillips	mlb
lynn_swann	mlb
bo_outlaw	nba
josh_freeman	nfl
troy_tulowitzki	mlb
tracy_mcgrady	nba
evgeni_nabokov	nhl
jermaine_oneal	nba
owen_daniels	nfl
dustin_keller	nfl
brad_butler	nfl
justin_tuck	nfl
ernesto_frieri	mlb
eddie_griffin	nba
anthony_carter	nba
jacque_vaughn	nba
chauncey_billups	nba
marcus_camby	nba
danny_granger	nba
brad_miller	nba
matt_walker	nba
james_jones	nba
dustin_ackley	mlb
jarron_collins	nba
a_j__feeley	nfl
clyde_drexler	nba
lamar_odom	nba
jarvis_hayes	nba
j_j__redick	nba
gary_payton	nba
don_newcombe	nba
johan_petro	nba
antonio_bastardo	mlb
dwight_howard	nba
brodie_croyle	nfl
anthony_roberson	nba
mickael_gelabale	nba
corliss_williamson	nba
justin_masterson	mlb
turkoglu	nba
jake_tsakalidis	nba
paul_millsap	nba
brian_brohm	nfl
t_j__ford	nba
brett_wallace	nfl
o_j_simpson	nfl
matt_kenseth	nascar
sinorice_moss	ncaa
craig_morton	nfl
matt_joyce	mlb
favre	nfl
anthony_smith	nfl
kasey_kahne	nascar
cheik_samb	nba
delhomme	nfl
iverson	nba
brett_farve	nfl
halladay	mlb
gordan_giricek	nba
bauer	mlb
carl_edwards	nascar
don_drysdale	mlb
logan_ondrusek	mlb
amir_johnson	nba
josh_childress	nba
brian_scalabrine	nba
bautista	mlb
devin_brown	nba
andray_blatche	nba
francisco_garcia	nba
ersan_ilyasova	nba
bob_griese	nfl
bobby_carpenter	nfl
daryll_clark	acc
cristhian_martinez	mlb
juan_abreu	mlb
zach_braddock	mlb
andy_pettite	mlb
solomon_jones	nba
darius_miles	nba
rajon_rondo	nba
deuce_lutui	nfl
david_stremme	nascar
mario_williams	nfl
bracey_wright	nba
sharrod_ford	nba
nene	nba
zito	mlb
antawn_jamison	nba
dice_k	mlb
matt_moore	nfl
utley	mlb
baldelli	mlb
jumaine_jones	nba
derek_hagan	nfl
deshawn_stevenson	nba
kellen_clemens	nfl
james_augustine	nba
yakhouba_diawara	nba
yi_jianlian	nba
trevor_crowe	mlb
desagana_diop	nba
bubba_smith	nfl
jordan_schafer	mlb
brian_cardinal	nba
amare_stoudemire	nba
beno_udrih	nba
dermarr_johnson	nba
adam_bostick	mlb
pedro_beato	mlb
yao_ming	nba
maddux	mlb
pau_gasol	nba
thabo_sefolosha	nba
etan_thomas	nba
mcnabb	nfl
boris_diaw	nba
dexter_fowler	mlb
alonzo_mourning	nba
ben_wallace	nba
bob_sura	nba
rich_gannon	nfl
raul_valdes	mlb
dirk_nowitzki	nba
linas_kleiza	nba
chris_mihm	nba
chris_duhon	nba
kyle_boller	nfl
dikembe_mutombo	nba
pujols	mlb
jared_jeffries	nba
matsui	mlb
fran_tarkenton	nfl
vinnie_pestano	mlb
brandon_kintzler	mlb
dan_cortes	mlb
dye	mlb
tyler_flowers	mlb
sage_rosenfels	nfl
cj_miles	nba
channing_frye	nba
stephon_marbury	nba
smith	nfl
larry_bird	nba
awvee_storey	nba
antonio_mcdyess	nba
fernando_abad	mlb
dwayne_wade	nba
nate_davis	nfl
youkilis	mlb
mark_rogers	mlb
john_david_booty	nfl
red_grange	nfl
deron_williams	nba
dan_dickau	nba
marcos_mateo	mlb
daniel_ray_herrera	mlb
chris_webber	nba
brooks_conrad	mlb
mathias_kiwanuka	nfl
matt_jones	nfl
ernie_sims	nfl
ime_udoka	nba
andris_biedrins	nba
gerald_green	nba
terence_morris	nba
adrian_griffin	nba
wayne_simien	nba
guillermo_diaz	nba
hassan_adams	nba
eric_snow	nba
alex_acker	nba
danny_ferry	nba
joel_przybilla	nba
austin_croshere	nba
ben_graham	nfl
calvin_booth	nba
dale_davis	nba
damien_wilkins	nba
jorge_garbajosa	nba
warren_sapp	nfl
jalen_rose	nba
sean_may	nba
jose_juan_barea	nba
eduardo_najera	nba
noel_felix	nba
brendan_haywood	nba
earl_watson	nba
greg_buckner	nba
chris_wilcox	nba
derek_lee	mlb
romo	nfl
sosa	mlb
kyle_busch	nascar
will_bynum	nba
jamaal_magloire	nba
eddie_jones	nba
willie_mcginest	nfl
d_j__mbenga	nba
earl_barron	nba
alexander_johnson	nba
clint_bowyer	nascar
beltran	mlb
cedric_simmons	nba
dennis_rodman	nba
dorell_wright	nba
julius_hodge	nba
dan_gadzuric	nba
chucky_atkins	nba
randy_white	nfl
stephen_graham	nba
doug_flutie	nfl
chuck_hayes	nba
derrick_harvey	nfl
damon_jones	nba
francisco_elson	nba
drew_willy	nba
