niners	football
san_jose_state	basketball
tcu	basketball
wake_forest	basketball
tar_heels	basketball
liverpool	football
france	golf
northwestern	football
brazil	golf
germany	golf
miami_university	football
lsu	golf
temple_university	basketball
arizona_state_university	baseball
duke_university	basketball
georgetown_university	basketball
northeastern_university	basketball
james_madison_university	basketball
mississippi_state_university	basketball
middle_tennessee_state_university	basketball
rutgers	basketball
xavier_university	basketball
western_illinois_university	basketball
usc	football
harvard_university	basketball
george_washington_university	basketball
brown_university	basketball
colorado_state_university	college_baseball
hofstra_university	basketball
east_tennessee_state_university	basketball
northwestern_oklahoma_state_university	basketball
north_carolina_state_university	basketball
indiana_university	football
florida_state_university	basketball
marquette_university	basketball
purdue_university	basketball
penn_state	basketball
fordham_university	basketball
edmonton_oilers	hockey
princeton	football
magic	basketball
detroit_tigers	baseball
phoenix_suns	basketball
san_francisco_ers	football
florida_panthers	hockey
chargers	football
baltimore_colts	football
byu_hawaii_seasiders	hockey
new_england_patriots	football
red_wings	hockey
bobcats	basketball
ny_giants	football
golden_gophers	basketball
cavaliers	basketball
seton_hall_university	basketball
georgia_bulldogs	basketball
central_michigan_university	basketball
cornhuskers	basketball
texans	hockey
broncos	hockey
new_york_mets	baseball
cal_poly	hockey
marshall_university	basketball
florida_gators	basketball
dodgers	baseball
nuggets	basketball
indiana_pacers	basketball
san_jose_sharks	hockey
cubs	baseball
valparaiso_university	basketball
jags	football
memphis_grizzlies	basketball
nets	basketball
los_angeles_clippers	basketball
knicks	basketball
boston_university	basketball
st_louis_cardinals	baseball
ny_rangers	hockey
northwestern_university	football
charlotte_hornets	basketball
rockies	baseball
houston_astros	baseball
colgate_university	basketball
eastern_kentucky_university	football
kansas_city_royals	baseball
kent_state_university	football
st_louis_rams	football
tampa_bay_lightning	hockey
west_georgia_technical_college	basketball
charlotte_bobcats	basketball
red_sox	baseball
kane_county_cougars	hockey
holy_cross	basketball
dallas_mavericks	basketball
tampa_bay_buccaneers	football
l_a__dodgers	baseball
st__louis_cardinals	baseball
wake_forest_university	football
texas_longhorns	football
padres	baseball
anaheim_ducks	hockey
philadelphia_eagles	football
trailblazers	basketball
university_of_tennessee_at_martin	basketball
utah_jazz	basketball
atlanta_thrashers	hockey
sixers	basketball
seattle_mariners	baseball
michigan_state_university	basketball
pittsburgh_pirates	baseball
washington_wizards	basketball
ohio_state_university	basketball
bengals	football
detroit_lions	football
golden_state_warriors	basketball
miami_heat	basketball
penguins	hockey
boston_bruins	hockey
washington_redskins	football
la_dodgers	baseball
oakland_raiders	football
new_orleans_saints	football
canes	hockey
huskers	football
depaul_university	basketball
houston_texans	football
prairie_view_a___m_panthers	football
illinois_institute_of_technology	basketball
nittany_lions	football
loyola_marymount_university	basketball
san_antonio	basketball
carolina_panthers	football
kings_point_mariners	hockey
pats	hockey
middle_tennessee_state	basketball
dallas_cowboys	football
tennessee_titans	football
phoenix_coyotes	hockey
lafayette_college	basketball
houston_oilers	football
mighty_ducks_of_anaheim	hockey
jacksonville_jaguars	football
montana_state_university	football
milwaukee_braves	baseball
fresno_state	baseball
chicago_blackhawks	hockey
minnesota_timberwolves	basketball
pirates	baseball
milwaukee_bucks	basketball
new_york_islanders	hockey
division	basketball
detroit_redwings	hockey
atlanta_flames	hockey
iowa_state_university	basketball
bucs	football
tampa_bay_devil_rays	baseball
vols	golf
celtics	basketball
buckeyes	football
colorado_avalanche	hockey
san_francisco_giants	baseball
anaheim_angels	baseball
scarlet_knights	football
falcons	football
oregon_state	football
hershey_bears	hockey
minnesota_vikings	football
brooklyn_dodgers	baseball
cincinnati_royals	basketball
philadelphia_ers	basketball
minnesota_north_stars	hockey
maple_leafs	hockey
baltimore_bullets	basketball
st___louis_cardinals	baseball
george_mason_university	basketball
ncaa	basketball
utah_valley_st__wolverines	golf
maroons	hockey
carolina_hurricanes	hockey
eagles__	football
columbus_crew	basketball
montreal_canadians	hockey
college	basketball
yankees	baseball
cleveland_browns	football
houston_rockets	basketball
columbia_university	football
spurs	basketball
new_orleans_hornets	basketball
ucla	football
harvard_crimson	hockey
washington_nationals	baseball
green_bay_packers	football
oklahoma_city_thunder	basketball
buffalo_sabres	hockey
vanderbilt_university	football
los_angeles_raiders	football
yanks	baseball
miami_dolphins	football
toronto_raptors	basketball
stanford_university	basketball
milwaukee_brewers	baseball
new_york_yankees	baseball
horned_frogs	football
western_michigan_university	football
montreal_expos	baseball
razorbacks	golf
furman_university	basketball
chicago_bears	football
nc_state	football
east_carolina	basketball
cubbies	baseball
canadiens	hockey
colorado_rockies	baseball
boston_college	basketball
timberwolves	basketball
philadelphia_warriors	basketball
washington_state_university	basketball
philadelphia_flyers	hockey
aggies	football
new_jersey_nets	basketball
diamondbacks	baseball
nashville_predators	hockey
auburn_university	basketball
baltimore_orioles	baseball
wildcats	basketball
calgary_flames	hockey
hartford_whalers	hockey
clippers	basketball
eastern_michigan_university	football
pistons	basketball
kansas_city_chiefs	football
jaguars	football
st_louis_blues	hockey
cincinnati_reds	baseball
marlins	baseball
oakland_athletics	baseball
trail_blazers	basketball
alabama_st_hornets	basketball
michigan_state	football
california_angels	baseball
arizona_diamondbacks	baseball
chicago_fire	soccer
tampa_bay_rays	baseball
buffalo_braves	basketball
red_hawks	football
north_carolina_state	basketball
quebec_nordiques	hockey
los_angeles_kings	hockey
leafs	hockey
portland_trailblazers	basketball
hokies	basketball
rams	football
los_angeles_angels	baseball
new_york_jets	football
sacramento_kings	basketball
lady_royals	baseball
bulls	basketball
minnesota_wild	hockey
vancouver_grizzlies	basketball
philadelphia_athletics	baseball
derby_county	basketball
flames	hockey
uc_santa_barbara	hockey
manchester_united	basketball
phillies	baseball
los_angeles_lakers	basketball
detroit_pistons	basketball
yellow_jackets	basketball
bucks_county_community_college	basketball
harvard	football
evangel_university	football
hampton_university	basketball
hawks	basketball
capitals	hockey
chicago_black_hawks	hockey
colts	football
rice_university	basketball
indians	baseball
columbus_blue_jackets	hockey
blue_jackets	hockey
drexel_university	basketball
washington_bullets	basketball
old_dominion_university	basketball
duquesne_university	basketball
ball_state	basketball
buffalo_bills	football
st__louis_blues	hockey
texas_rangers	baseball
clemson_university	football
oregon_state_university	basketball
princeton_university	basketball
boston_braves	football
dallas_stars	hockey
seahawks	football
sun_devils	hockey
blue_jays	baseball
seattle_supersonics	basketball
baltimore_ravens	football
denver_nuggets	basketball
st___louis_hawks	basketball
pittsburgh_steelers	football
cleveland_indians	baseball
bulldogs	basketball
st___louis_browns	baseball
alabama_crimson_tide	basketball
winnipeg_jets	hockey
los_angeles_rams	football
atlanta_braves	baseball
syracuse_university	basketball
michigan_state_spartans_mens_basketball	golf
rangers	hockey
union_college	football
duke_blue_devils	basketball
washington_state	basketball
twins	baseball
ottawa_senators	hockey
new_mexico_state	basketball
vancouver_canucks	hockey
toronto_blue_jays	baseball
kansas_state	football
new_jersey_devils	hockey
gamecocks	basketball
stanford	baseball
hawkeyes	basketball
miami_fl_hurricanes	hockey
uc_irvine	basketball
iupui	basketball
baylor_bears_basketball	golf
sooners	basketball
akron	basketball
oilers	hockey
boise_state	basketball
san_diego_state	basketball
california_golden_bears_basketball	basketball
red_bulls	soccer
thrashers	hockey
ny_knicks	basketball
idaho_state	football
virginia_tech	football
