aeddiejemison	actor	aeddiejemison
atimothypaulperez	actor	atimothypaulperez
acaseyaffleck	actor	acaseyaffleck
ajorgerhernandez	actor	ajorgerhernandez
astanleyanderson	actor	astanleyanderson
atonygoldwyn	actor	atonygoldwyn
afrankpatton	actor	afrankpatton
anicholaswoodeson	actor	anicholaswoodeson
anelsonpeltz	actor	anelsonpeltz
ajohnfinn	actor	ajohnfinn
alorigalinski	actor	alorigalinski
atimrobbins	actor	atimrobbins
agretascacchi	actor	agretascacchi
adontiffany	actor	adontiffany
abradpitt	actor	abradpitt
ajohnheard	actor	ajohnheard
aelliottgould	actor	aelliottgould
aannejacques	actor	aannejacques
alylelovett	actor	alylelovett
acarolflorence	actor	acarolflorence
aleahayres	actor	aleahayres
arobertculp	actor	arobertculp
adinaconnolly	actor	adinaconnolly
aandygarcia	actor	aandygarcia
adenzelwashington	actor	adenzelwashington
aberniemac	actor	aberniemac
acynthiastevenson	actor	acynthiastevenson
adeanstockwell	actor	adeanstockwell
aanthonyheald	actor	aanthonyheald
ahumecronyn	actor	ahumecronyn
adinamerrill	actor	adinamerrill
apetergallagher	actor	apetergallagher
aangelahall	actor	aangelahall
ajohnlithgow	actor	ajohnlithgow
ajamessikking	actor	ajamessikking
alarrysontag	actor	alarrysontag
avincentdonofrio	actor	avincentdonofrio
abrionjames	actor	abrionjames
afredward	actor	afredward
amarkgantt	actor	amarkgantt
astanleytucci	actor	astanleytucci
apaullnolan	actor	apaullnolan
arichardegrant	actor	arichardegrant
acatherinezetajones	actor	acatherinezetajones
asamshepard	actor	asamshepard
awhoopigoldberg	actor	awhoopigoldberg
ajuliaroberts	actor	ajuliaroberts
ageorgeclooney	actor	ageorgeclooney
adavidsontag	actor	adavidsontag
awilliamatherton	actor	awilliamatherton
asydneypollack	actor	asydneypollack
aminianden	actor	aminianden
ascottcaan	actor	ascottcaan
aceceliaannbirt	actor	aceceliaannbirt
aedkross	actor	aedkross
amichaeldouglas	actor	amichaeldouglas
arobyndouglass	actor	arobyndouglass
alewissmith	actor	alewissmith
abillyconnolly	actor	abillyconnolly
adanielvonbargen	actor	adanielvonbargen
adenisarndt	actor	adenisarndt
afloramontgomery	actor	afloramontgomery
asheilapaterson	actor	asheilapaterson
astancollymore	actor	astancollymore
abenjaminmouton	actor	abenjaminmouton
ajeannetripplehorn	actor	ajeannetripplehorn
aneilmaskell	actor	aneilmaskell
asharonstone	actor	asharonstone
aellenthomas	actor	aellenthomas
adavidarnett	actor	adavidarnett
ajackmcgee	actor	ajackmcgee
awayneknight	actor	awayneknight
ajustinmonjo	actor	ajustinmonjo
ajaimzwoolvett	actor	ajaimzwoolvett
atimberrington	actor	atimberrington
astephentobolowsky	actor	astephentobolowsky
agilbellows	actor	agilbellows
adavidthewlis	actor	adavidthewlis
aianholm	actor	aianholm
abenjohnson	actor	abenjohnson
adannflorek	actor	adannflorek
aheathcotewilliams	actor	aheathcotewilliams
acharlotterampling	actor	acharlotterampling
achelcieross	actor	achelcieross
astevekuhn	actor	astevekuhn
amarksangster	actor	amarksangster
aindiravarma	actor	aindiravarma
ahughkeaysbyrne	actor	ahughkeaysbyrne
aginachiarelli	actor	aginachiarelli
abruceayoung	actor	abruceayoung
adavidmorrissey	actor	adavidmorrissey
amiguelferrer	actor	amiguelferrer
adorothymalone	actor	adorothymalone
ageorgedzundza	actor	ageorgedzundza
ahughdancy	actor	ahughdancy
abillcable	actor	abillcable
amarccaleb	actor	amarccaleb
afrankcturner	actor	afrankcturner
aalancpeterson	actor	aalancpeterson
anormanarmour	actor	anormanarmour
ajurneesmollett	actor	ajurneesmollett
ajanchappell	actor	ajanchappell
agusmercurio	actor	agusmercurio
acaitlinoheaney	actor	acaitlinoheaney
aterenceharvey	actor	aterenceharvey
adillonmoen	actor	adillonmoen
aleilanisarelle	actor	aleilanisarelle
alloydalan	actor	alloydalan
aconnorwiddows	actor	aconnorwiddows
adebraengle	actor	adebraengle
avolkerranisch	actor	avolkerranisch
aludwigbriand	actor	aludwigbriand
agerdlohmeyer	actor	agerdlohmeyer
astevekalfa	actor	astevekalfa
aguillaumeromain	actor	aguillaumeromain
agabriellelazure	actor	agabriellelazure
ahorstkummeth	actor	ahorstkummeth
aloccorbery	actor	aloccorbery
ajuliedray	actor	ajuliedray
afirminerichard	actor	afirminerichard
ahubertmulzer	actor	ahubertmulzer
asamantharnier	actor	asamantharnier
atommikulla	actor	atommikulla
acoralyzahonero	actor	acoralyzahonero
abrnicebejo	actor	abrnicebejo
abrigittefossey	actor	abrigittefossey
amaxmller	actor	amaxmller
amarenschumacher	actor	amarenschumacher
avincentlecoeur	actor	avincentlecoeur
aestefanacastro	actor	aestefanacastro
ajuttawachowiak	actor	ajuttawachowiak
aarmelledeutsch	actor	aarmelledeutsch
athomasstielner	actor	athomasstielner
afranoisechristophe	actor	afranoisechristophe
apierrearditi	actor	apierrearditi
aclaudiamessner	actor	aclaudiamessner
amarisaburger	actor	amarisaburger
afrancishuster	actor	afrancishuster
atheresascholze	actor	atheresascholze
aalexandrawinisky	actor	aalexandrawinisky
aandreasschwaiger	actor	aandreasschwaiger
akarinthaler	actor	akarinthaler
arenateschroeter	actor	arenateschroeter
adidierdijoux	actor	adidierdijoux
agesinecukrowski	actor	agesinecukrowski
akonstanzebreitebner	actor	akonstanzebreitebner
amarkusbker	actor	amarkusbker
ajrggudzuhn	actor	ajrggudzuhn
adietermann	actor	adietermann
apatricejuiff	actor	apatricejuiff
accilecassel	actor	accilecassel
aleonardlansink	actor	aleonardlansink
aulrichmhe	actor	aulrichmhe
aangelinasarova	actor	aangelinasarova
aivankondov	actor	aivankondov
akirilyanev	actor	akirilyanev
astoychomazgalov	actor	astoychomazgalov
amikhailmikhajlov	actor	amikhailmikhajlov
aganchoganchev	actor	aganchoganchev
amichalbajor	actor	amichalbajor
ahristodinev	actor	ahristodinev
avyarakovacheva	actor	avyarakovacheva
apetardespotov	actor	apetardespotov
asavahashamov	actor	asavahashamov
alyubomirbobchevski	actor	alyubomirbobchevski
amariashopova	actor	amariashopova
akostatsonev	actor	akostatsonev
astefandanailov	actor	astefandanailov
aivanbratanov	actor	aivanbratanov
aemiliaradeva	actor	aemiliaradeva
ageorgistamatov	actor	ageorgistamatov
astefanpejchev	actor	astefanpejchev
adimitarhadzhiyanev	actor	adimitarhadzhiyanev
ajannowicki	actor	ajannowicki
aalicjajachiewicz	actor	aalicjajachiewicz
asonyadjulgerova	actor	asonyadjulgerova
aviktordanchenko	actor	aviktordanchenko
akunkabaeva	actor	akunkabaeva
aantonradichev	actor	aantonradichev
aemilmarkov	actor	aemilmarkov
astefanpetrov	actor	astefanpetrov
atzenokandov	actor	atzenokandov
alyubomirbachvarov	actor	alyubomirbachvarov
aivandimov	actor	aivandimov
aivangrigorov	actor	aivangrigorov
alyubomirkanev	actor	alyubomirkanev
atzvetolyubrakovski	actor	atzvetolyubrakovski
asotirmaynolovski	actor	asotirmaynolovski
aivantonev	actor	aivantonev
abogomilsimeonov	actor	abogomilsimeonov
anevenakokanova	actor	anevenakokanova
anikoladadov	actor	anikoladadov
apetyasilyanova	actor	apetyasilyanova
aluciacammalleri	actor	aluciacammalleri
agiancarloscuderi	actor	agiancarloscuderi
araffaeladavi	actor	araffaeladavi
aenzodimartino	actor	aenzodimartino
aconsuelolupo	actor	aconsuelolupo
afrancomirabella	actor	afrancomirabella
abiagiobarone	actor	abiagiobarone
acesareapolito	actor	acesareapolito
astefanodionisi	actor	astefanodionisi
afabiolobello	actor	afabiolobello
amanueladolcemascolo	actor	amanueladolcemascolo
acorradofortuna	actor	acorradofortuna
aannamariagherardi	actor	aannamariagherardi
amarcocavicchioli	actor	amarcocavicchioli
adonatellafinocchiaro	actor	adonatellafinocchiaro
adanielegalea	actor	adanielegalea
apaolaciampi	actor	apaolaciampi
amanliosgalambro	actor	amanliosgalambro
agabrieleferzetti	actor	agabrieleferzetti
aantoniettacarbonetti	actor	aantoniettacarbonetti
aantoninobruschetta	actor	aantoninobruschetta
amaurizionicolosi	actor	amaurizionicolosi
amaurolenares	actor	amaurolenares
asalvatorelazzaro	actor	asalvatorelazzaro
apieradegliesposti	actor	apieradegliesposti
amarcoleonardi	actor	amarcoleonardi
aserenaautieri	actor	aserenaautieri
aradarassimov	actor	aradarassimov
aileanarigano	actor	aileanarigano
avincenzocrivello	actor	avincenzocrivello
amarcospicuglia	actor	amarcospicuglia
asaromiano	actor	asaromiano
atizianalodato	actor	atizianalodato
anicolegrimaudo	actor	anicolegrimaudo
alaurabetti	actor	alaurabetti
aluciasardo	actor	aluciasardo
acarmelogalati	actor	acarmelogalati
avannifois	actor	avannifois
aauroraquattrocchi	actor	aauroraquattrocchi
abarbaratabita	actor	abarbaratabita
alucavitrano	actor	alucavitrano
apenlopecruz	actor	apenlopecruz
aeddasabatini	actor	aeddasabatini
asoderberghsteven	director	asoderberghsteven
apakulaalanj	director	apakulaalanj
aaltmanroberti	director	aaltmanroberti
ametcalfestephen	director	ametcalfestephen
averhoevenpauli	director	averhoevenpauli
amillergeorgei	director	amillergeorgei
acatonjonesmichael	director	acatonjonesmichael
akinkelmartin	director	akinkelmartin
akronthalerthomas	director	akronthalerthomas
aengelhardtwilhelm	director	aengelhardtwilhelm
astephanbernhard	director	astephanbernhard
aromeclaudemichel	director	aromeclaudemichel
akappesstphane	director	akappesstphane
aapprederisfranck	director	aapprederisfranck
agutjahrrainer	director	agutjahrrainer
akrgnther	director	akrgnther
abonnetchristiani	director	abonnetchristiani
asummereric	director	asummereric
azensmichael	director	azensmichael
atonetticlaudio	director	atonetticlaudio
avergnejeanpierre	director	avergnejeanpierre
abraunbettinai	director	abraunbettinai
agustemmanuelii	director	agustemmanuelii
aklischstefan	director	aklischstefan
aladogedominique	director	aladogedominique
atraykovatanas	director	atraykovatanas
apunchevborislav	director	apunchevborislav
amarinovichanton	director	amarinovichanton
asurchadzhievstefani	director	asurchadzhievstefani
asciveresmarianna	director	asciveresmarianna
agrimaldiaurelioi	director	agrimaldiaurelioi
abattiatofranco	director	abattiatofranco
asoderberghsteven	genre	athriller
asoderberghsteven	genre	acomedy
asoderberghsteven	genre	adocumentary
asoderberghsteven	genre	aaction
asoderberghsteven	genre	acrime
apakulaalanj	genre	athriller
apakulaalanj	genre	adrama
apakulaalanj	genre	amystery
aaltmanroberti	genre	athriller
aaltmanroberti	genre	acomedy
aaltmanroberti	genre	adrama
ametcalfestephen	genre	acomedy
ametcalfestephen	genre	adrama
ametcalfestephen	genre	aromance
averhoevenpauli	genre	athriller
averhoevenpauli	genre	acrime
averhoevenpauli	genre	adrama
averhoevenpauli	genre	amystery
amillergeorgei	genre	ascifi
acatonjonesmichael	genre	athriller
acatonjonesmichael	genre	acrime
acatonjonesmichael	genre	adrama
acatonjonesmichael	genre	amystery
akinkelmartin	genre	acomedy
akinkelmartin	genre	acrime
akronthalerthomas	genre	acomedy
akronthalerthomas	genre	acrime
aengelhardtwilhelm	genre	acomedy
aengelhardtwilhelm	genre	acrime
astephanbernhard	genre	acrime
aapprederisfranck	genre	acomedy
agutjahrrainer	genre	acomedy
agutjahrrainer	genre	acrime
akrgnther	genre	acomedy
akrgnther	genre	acrime
azensmichael	genre	acrime
avergnejeanpierre	genre	acomedy
abraunbettinai	genre	acomedy
abraunbettinai	genre	acrime
aklischstefan	genre	acomedy
aklischstefan	genre	acrime
atraykovatanas	genre	adrama
apunchevborislav	genre	adrama
amarinovichanton	genre	adrama
asurchadzhievstefani	genre	adrama
agrimaldiaurelioi	genre	adrama
abattiatofranco	genre	adrama
aoceanstwelve	movie	acaseyaffleck
aoceanstwelve	movie	anelsonpeltz
aoceanstwelve	movie	adontiffany
aoceanstwelve	movie	abradpitt
aoceanstwelve	movie	aannejacques
aoceanstwelve	movie	adinaconnolly
aoceanstwelve	movie	aandygarcia
aoceanstwelve	movie	alarrysontag
aoceanstwelve	movie	acatherinezetajones
aoceanstwelve	movie	ajuliaroberts
aoceanstwelve	movie	ageorgeclooney
aoceanstwelve	movie	adavidsontag
aoceanstwelve	movie	aminianden
aoceanstwelve	movie	ascottcaan
aoceanstwelve	movie	aedkross
aoceanstwelve	movie	asoderberghsteven
aplayerthe	movie	atimrobbins
aplayerthe	movie	agretascacchi
aplayerthe	movie	alylelovett
aplayerthe	movie	aleahayres
aplayerthe	movie	acynthiastevenson
aplayerthe	movie	adeanstockwell
aplayerthe	movie	adinamerrill
aplayerthe	movie	apetergallagher
aplayerthe	movie	aangelahall
aplayerthe	movie	avincentdonofrio
aplayerthe	movie	abrionjames
aplayerthe	movie	afredward
aplayerthe	movie	arichardegrant
aplayerthe	movie	awhoopigoldberg
aplayerthe	movie	asydneypollack
aplayerthe	movie	aaltmanroberti
apelicanbriefthe	movie	astanleyanderson
apelicanbriefthe	movie	atonygoldwyn
apelicanbriefthe	movie	anicholaswoodeson
apelicanbriefthe	movie	ajohnfinn
apelicanbriefthe	movie	ajohnheard
apelicanbriefthe	movie	arobertculp
apelicanbriefthe	movie	adenzelwashington
apelicanbriefthe	movie	aanthonyheald
apelicanbriefthe	movie	ahumecronyn
apelicanbriefthe	movie	ajohnlithgow
apelicanbriefthe	movie	ajamessikking
apelicanbriefthe	movie	astanleytucci
apelicanbriefthe	movie	asamshepard
apelicanbriefthe	movie	ajuliaroberts
apelicanbriefthe	movie	awilliamatherton
apelicanbriefthe	movie	apakulaalanj
aoceanseleven	movie	aeddiejemison
aoceanseleven	movie	atimothypaulperez
aoceanseleven	movie	acaseyaffleck
aoceanseleven	movie	ajorgerhernandez
aoceanseleven	movie	afrankpatton
aoceanseleven	movie	alorigalinski
aoceanseleven	movie	abradpitt
aoceanseleven	movie	aelliottgould
aoceanseleven	movie	acarolflorence
aoceanseleven	movie	aberniemac
aoceanseleven	movie	amarkgantt
aoceanseleven	movie	apaullnolan
aoceanseleven	movie	ageorgeclooney
aoceanseleven	movie	ascottcaan
aoceanseleven	movie	aceceliaannbirt
aoceanseleven	movie	asoderberghsteven
abeautifuljoe	movie	abillyconnolly
abeautifuljoe	movie	asheilapaterson
abeautifuljoe	movie	asharonstone
abeautifuljoe	movie	ajaimzwoolvett
abeautifuljoe	movie	agilbellows
abeautifuljoe	movie	aianholm
abeautifuljoe	movie	abenjohnson
abeautifuljoe	movie	adannflorek
abeautifuljoe	movie	aginachiarelli
abeautifuljoe	movie	afrankcturner
abeautifuljoe	movie	aalancpeterson
abeautifuljoe	movie	anormanarmour
abeautifuljoe	movie	ajurneesmollett
abeautifuljoe	movie	adillonmoen
abeautifuljoe	movie	aconnorwiddows
abeautifuljoe	movie	ametcalfestephen
abasicinstinct	movie	afloramontgomery
abasicinstinct	movie	astancollymore
abasicinstinct	movie	aneilmaskell
abasicinstinct	movie	asharonstone
abasicinstinct	movie	aellenthomas
abasicinstinct	movie	atimberrington
abasicinstinct	movie	adavidthewlis
abasicinstinct	movie	aheathcotewilliams
abasicinstinct	movie	acharlotterampling
abasicinstinct	movie	amarksangster
abasicinstinct	movie	aindiravarma
abasicinstinct	movie	adavidmorrissey
abasicinstinct	movie	ahughdancy
abasicinstinct	movie	ajanchappell
abasicinstinct	movie	aterenceharvey
abasicinstinct	movie	acatonjonesmichael
abasicinstinct	movie	amichaeldouglas
abasicinstinct	movie	adanielvonbargen
abasicinstinct	movie	adenisarndt
abasicinstinct	movie	abenjaminmouton
abasicinstinct	movie	ajeannetripplehorn
abasicinstinct	movie	asharonstone
abasicinstinct	movie	ajackmcgee
abasicinstinct	movie	awayneknight
abasicinstinct	movie	astephentobolowsky
abasicinstinct	movie	achelcieross
abasicinstinct	movie	abruceayoung
abasicinstinct	movie	adorothymalone
abasicinstinct	movie	ageorgedzundza
abasicinstinct	movie	abillcable
abasicinstinct	movie	aleilanisarelle
abasicinstinct	movie	averhoevenpauli
abadlands	movie	arobyndouglass
abadlands	movie	alewissmith
abadlands	movie	asharonstone
abadlands	movie	adavidarnett
abadlands	movie	ajustinmonjo
abadlands	movie	astevekuhn
abadlands	movie	ahughkeaysbyrne
abadlands	movie	amiguelferrer
abadlands	movie	amarccaleb
abadlands	movie	agusmercurio
abadlands	movie	acaitlinoheaney
abadlands	movie	alloydalan
abadlands	movie	adebraengle
abadlands	movie	amillergeorgei
aunetunfontsix	movie	aludwigbriand
aunetunfontsix	movie	aguillaumeromain
aunetunfontsix	movie	aloccorbery
aunetunfontsix	movie	ajuliedray
aunetunfontsix	movie	asamantharnier
aunetunfontsix	movie	abrnicebejo
aunetunfontsix	movie	abrigittefossey
aunetunfontsix	movie	avincentlecoeur
aunetunfontsix	movie	aestefanacastro
aunetunfontsix	movie	aarmelledeutsch
aunetunfontsix	movie	apierrearditi
aunetunfontsix	movie	aalexandrawinisky
aunetunfontsix	movie	adidierdijoux
aunetunfontsix	movie	apatricejuiff
aunetunfontsix	movie	aapprederisfranck
aunetunfontsix	movie	avergnejeanpierre
aletztezeugeder	movie	avolkerranisch
aletztezeugeder	movie	ajuttawachowiak
aletztezeugeder	movie	aclaudiamessner
aletztezeugeder	movie	atheresascholze
aletztezeugeder	movie	aandreasschwaiger
aletztezeugeder	movie	arenateschroeter
aletztezeugeder	movie	agesinecukrowski
aletztezeugeder	movie	akonstanzebreitebner
aletztezeugeder	movie	ajrggudzuhn
aletztezeugeder	movie	adietermann
aletztezeugeder	movie	aleonardlansink
aletztezeugeder	movie	aulrichmhe
aletztezeugeder	movie	astephanbernhard
aletztezeugeder	movie	azensmichael
agrandpatronle	movie	astevekalfa
agrandpatronle	movie	agabriellelazure
agrandpatronle	movie	afirminerichard
agrandpatronle	movie	acoralyzahonero
agrandpatronle	movie	afranoisechristophe
agrandpatronle	movie	afrancishuster
agrandpatronle	movie	accilecassel
agrandpatronle	movie	aromeclaudemichel
agrandpatronle	movie	akappesstphane
agrandpatronle	movie	abonnetchristiani
agrandpatronle	movie	asummereric
agrandpatronle	movie	atonetticlaudio
agrandpatronle	movie	agustemmanuelii
agrandpatronle	movie	aladogedominique
arosenheimcopsdie	movie	agerdlohmeyer
arosenheimcopsdie	movie	ahorstkummeth
arosenheimcopsdie	movie	ahubertmulzer
arosenheimcopsdie	movie	atommikulla
arosenheimcopsdie	movie	amaxmller
arosenheimcopsdie	movie	amarenschumacher
arosenheimcopsdie	movie	athomasstielner
arosenheimcopsdie	movie	amarisaburger
arosenheimcopsdie	movie	aandreasschwaiger
arosenheimcopsdie	movie	akarinthaler
arosenheimcopsdie	movie	amarkusbker
arosenheimcopsdie	movie	akinkelmartin
arosenheimcopsdie	movie	akronthalerthomas
arosenheimcopsdie	movie	aengelhardtwilhelm
arosenheimcopsdie	movie	agutjahrrainer
arosenheimcopsdie	movie	akrgnther
arosenheimcopsdie	movie	abraunbettinai
arosenheimcopsdie	movie	aklischstefan
ageratzite	movie	aangelinasarova
ageratzite	movie	aganchoganchev
ageratzite	movie	avyarakovacheva
ageratzite	movie	amariashopova
ageratzite	movie	aivanbratanov
ageratzite	movie	ageorgistamatov
ageratzite	movie	astefanpejchev
ageratzite	movie	akunkabaeva
ageratzite	movie	astefanpetrov
ageratzite	movie	aivandimov
ageratzite	movie	atzvetolyubrakovski
ageratzite	movie	aivantonev
ageratzite	movie	anikoladadov
ageratzite	movie	amarinovichanton
aspasenieto	movie	astoychomazgalov
aspasenieto	movie	amichalbajor
aspasenieto	movie	akostatsonev
aspasenieto	movie	ajannowicki
aspasenieto	movie	aalicjajachiewicz
aspasenieto	movie	aantonradichev
aspasenieto	movie	aemilmarkov
aspasenieto	movie	alyubomirbachvarov
aspasenieto	movie	alyubomirkanev
aspasenieto	movie	asotirmaynolovski
aspasenieto	movie	abogomilsimeonov
aspasenieto	movie	anevenakokanova
aspasenieto	movie	apunchevborislav
akristali	movie	astoychomazgalov
akristali	movie	apetardespotov
akristali	movie	akostatsonev
akristali	movie	astefandanailov
akristali	movie	aemiliaradeva
akristali	movie	adimitarhadzhiyanev
akristali	movie	asonyadjulgerova
akristali	movie	aivangrigorov
akristali	movie	anevenakokanova
akristali	movie	apetyasilyanova
akristali	movie	atraykovatanas
alegendazapaisiy	movie	aangelinasarova
alegendazapaisiy	movie	aivankondov
alegendazapaisiy	movie	akirilyanev
alegendazapaisiy	movie	astoychomazgalov
alegendazapaisiy	movie	amikhailmikhajlov
alegendazapaisiy	movie	ahristodinev
alegendazapaisiy	movie	asavahashamov
alegendazapaisiy	movie	alyubomirbobchevski
alegendazapaisiy	movie	aviktordanchenko
alegendazapaisiy	movie	atzenokandov
alegendazapaisiy	movie	asurchadzhievstefani
anerolio	movie	agiancarloscuderi
anerolio	movie	aenzodimartino
anerolio	movie	afrancomirabella
anerolio	movie	afabiolobello
anerolio	movie	amarcocavicchioli
anerolio	movie	aantoniettacarbonetti
anerolio	movie	amaurizionicolosi
anerolio	movie	amaurolenares
anerolio	movie	asalvatorelazzaro
anerolio	movie	apieradegliesposti
anerolio	movie	avincenzocrivello
anerolio	movie	amarcospicuglia
anerolio	movie	asaromiano
anerolio	movie	aluciasardo
anerolio	movie	agrimaldiaurelioi
aribellela	movie	araffaeladavi
aribellela	movie	acesareapolito
aribellela	movie	astefanodionisi
aribellela	movie	adanielegalea
aribellela	movie	apaolaciampi
aribellela	movie	amarcoleonardi
aribellela	movie	alaurabetti
aribellela	movie	aauroraquattrocchi
aribellela	movie	apenlopecruz
aribellela	movie	aeddasabatini
aribellela	movie	agrimaldiaurelioi
aperdutoamor	movie	acorradofortuna
aperdutoamor	movie	aannamariagherardi
aperdutoamor	movie	adonatellafinocchiaro
aperdutoamor	movie	amanliosgalambro
aperdutoamor	movie	agabrieleferzetti
aperdutoamor	movie	aantoninobruschetta
aperdutoamor	movie	aradarassimov
aperdutoamor	movie	atizianalodato
aperdutoamor	movie	anicolegrimaudo
aperdutoamor	movie	aluciasardo
aperdutoamor	movie	alucavitrano
aperdutoamor	movie	abattiatofranco
asaramay	movie	aluciacammalleri
asaramay	movie	aconsuelolupo
asaramay	movie	abiagiobarone
asaramay	movie	amanueladolcemascolo
asaramay	movie	aserenaautieri
asaramay	movie	aileanarigano
asaramay	movie	aluciasardo
asaramay	movie	acarmelogalati
asaramay	movie	avannifois
asaramay	movie	abarbaratabita
asaramay	movie	asciveresmarianna
aeddiejemison	workedunder	asoderberghsteven
atimothypaulperez	workedunder	asoderberghsteven
acaseyaffleck	workedunder	asoderberghsteven
ajorgerhernandez	workedunder	asoderberghsteven
astanleyanderson	workedunder	apakulaalanj
atonygoldwyn	workedunder	apakulaalanj
afrankpatton	workedunder	asoderberghsteven
anicholaswoodeson	workedunder	apakulaalanj
anelsonpeltz	workedunder	asoderberghsteven
ajohnfinn	workedunder	apakulaalanj
alorigalinski	workedunder	asoderberghsteven
atimrobbins	workedunder	aaltmanroberti
agretascacchi	workedunder	aaltmanroberti
adontiffany	workedunder	asoderberghsteven
abradpitt	workedunder	asoderberghsteven
ajohnheard	workedunder	apakulaalanj
aelliottgould	workedunder	asoderberghsteven
aannejacques	workedunder	asoderberghsteven
alylelovett	workedunder	aaltmanroberti
acarolflorence	workedunder	asoderberghsteven
aleahayres	workedunder	aaltmanroberti
arobertculp	workedunder	apakulaalanj
adinaconnolly	workedunder	asoderberghsteven
aandygarcia	workedunder	asoderberghsteven
adenzelwashington	workedunder	apakulaalanj
aberniemac	workedunder	asoderberghsteven
acynthiastevenson	workedunder	aaltmanroberti
adeanstockwell	workedunder	aaltmanroberti
aanthonyheald	workedunder	apakulaalanj
ahumecronyn	workedunder	apakulaalanj
adinamerrill	workedunder	aaltmanroberti
apetergallagher	workedunder	aaltmanroberti
aangelahall	workedunder	aaltmanroberti
ajohnlithgow	workedunder	apakulaalanj
ajamessikking	workedunder	apakulaalanj
alarrysontag	workedunder	asoderberghsteven
avincentdonofrio	workedunder	aaltmanroberti
abrionjames	workedunder	aaltmanroberti
afredward	workedunder	aaltmanroberti
amarkgantt	workedunder	asoderberghsteven
astanleytucci	workedunder	apakulaalanj
apaullnolan	workedunder	asoderberghsteven
arichardegrant	workedunder	aaltmanroberti
acatherinezetajones	workedunder	asoderberghsteven
asamshepard	workedunder	apakulaalanj
awhoopigoldberg	workedunder	aaltmanroberti
ajuliaroberts	workedunder	asoderberghsteven
ajuliaroberts	workedunder	apakulaalanj
ageorgeclooney	workedunder	asoderberghsteven
adavidsontag	workedunder	asoderberghsteven
awilliamatherton	workedunder	apakulaalanj
asydneypollack	workedunder	aaltmanroberti
aminianden	workedunder	asoderberghsteven
ascottcaan	workedunder	asoderberghsteven
aceceliaannbirt	workedunder	asoderberghsteven
aedkross	workedunder	asoderberghsteven
amichaeldouglas	workedunder	averhoevenpauli
arobyndouglass	workedunder	amillergeorgei
alewissmith	workedunder	amillergeorgei
abillyconnolly	workedunder	ametcalfestephen
adanielvonbargen	workedunder	averhoevenpauli
adenisarndt	workedunder	averhoevenpauli
afloramontgomery	workedunder	acatonjonesmichael
asheilapaterson	workedunder	ametcalfestephen
astancollymore	workedunder	acatonjonesmichael
abenjaminmouton	workedunder	averhoevenpauli
ajeannetripplehorn	workedunder	averhoevenpauli
aneilmaskell	workedunder	acatonjonesmichael
asharonstone	workedunder	ametcalfestephen
asharonstone	workedunder	averhoevenpauli
asharonstone	workedunder	amillergeorgei
asharonstone	workedunder	acatonjonesmichael
aellenthomas	workedunder	acatonjonesmichael
adavidarnett	workedunder	amillergeorgei
ajackmcgee	workedunder	averhoevenpauli
awayneknight	workedunder	averhoevenpauli
ajustinmonjo	workedunder	amillergeorgei
ajaimzwoolvett	workedunder	ametcalfestephen
atimberrington	workedunder	acatonjonesmichael
astephentobolowsky	workedunder	averhoevenpauli
agilbellows	workedunder	ametcalfestephen
adavidthewlis	workedunder	acatonjonesmichael
aianholm	workedunder	ametcalfestephen
abenjohnson	workedunder	ametcalfestephen
adannflorek	workedunder	ametcalfestephen
aheathcotewilliams	workedunder	acatonjonesmichael
acharlotterampling	workedunder	acatonjonesmichael
achelcieross	workedunder	averhoevenpauli
astevekuhn	workedunder	amillergeorgei
amarksangster	workedunder	acatonjonesmichael
aindiravarma	workedunder	acatonjonesmichael
ahughkeaysbyrne	workedunder	amillergeorgei
aginachiarelli	workedunder	ametcalfestephen
abruceayoung	workedunder	averhoevenpauli
adavidmorrissey	workedunder	acatonjonesmichael
amiguelferrer	workedunder	amillergeorgei
adorothymalone	workedunder	averhoevenpauli
ageorgedzundza	workedunder	averhoevenpauli
ahughdancy	workedunder	acatonjonesmichael
abillcable	workedunder	averhoevenpauli
amarccaleb	workedunder	amillergeorgei
afrankcturner	workedunder	ametcalfestephen
aalancpeterson	workedunder	ametcalfestephen
anormanarmour	workedunder	ametcalfestephen
ajurneesmollett	workedunder	ametcalfestephen
ajanchappell	workedunder	acatonjonesmichael
agusmercurio	workedunder	amillergeorgei
acaitlinoheaney	workedunder	amillergeorgei
aterenceharvey	workedunder	acatonjonesmichael
adillonmoen	workedunder	ametcalfestephen
aleilanisarelle	workedunder	averhoevenpauli
alloydalan	workedunder	amillergeorgei
aconnorwiddows	workedunder	ametcalfestephen
adebraengle	workedunder	amillergeorgei
avolkerranisch	workedunder	astephanbernhard
avolkerranisch	workedunder	azensmichael
aludwigbriand	workedunder	aapprederisfranck
aludwigbriand	workedunder	avergnejeanpierre
agerdlohmeyer	workedunder	akinkelmartin
agerdlohmeyer	workedunder	akronthalerthomas
agerdlohmeyer	workedunder	aengelhardtwilhelm
agerdlohmeyer	workedunder	agutjahrrainer
agerdlohmeyer	workedunder	akrgnther
agerdlohmeyer	workedunder	abraunbettinai
agerdlohmeyer	workedunder	aklischstefan
astevekalfa	workedunder	aromeclaudemichel
astevekalfa	workedunder	akappesstphane
astevekalfa	workedunder	abonnetchristiani
astevekalfa	workedunder	asummereric
astevekalfa	workedunder	atonetticlaudio
astevekalfa	workedunder	agustemmanuelii
astevekalfa	workedunder	aladogedominique
aguillaumeromain	workedunder	aapprederisfranck
aguillaumeromain	workedunder	avergnejeanpierre
agabriellelazure	workedunder	aromeclaudemichel
agabriellelazure	workedunder	akappesstphane
agabriellelazure	workedunder	abonnetchristiani
agabriellelazure	workedunder	asummereric
agabriellelazure	workedunder	atonetticlaudio
agabriellelazure	workedunder	agustemmanuelii
agabriellelazure	workedunder	aladogedominique
ahorstkummeth	workedunder	akinkelmartin
ahorstkummeth	workedunder	akronthalerthomas
ahorstkummeth	workedunder	aengelhardtwilhelm
ahorstkummeth	workedunder	agutjahrrainer
ahorstkummeth	workedunder	akrgnther
ahorstkummeth	workedunder	abraunbettinai
ahorstkummeth	workedunder	aklischstefan
aloccorbery	workedunder	aapprederisfranck
aloccorbery	workedunder	avergnejeanpierre
ajuliedray	workedunder	aapprederisfranck
ajuliedray	workedunder	avergnejeanpierre
afirminerichard	workedunder	aromeclaudemichel
afirminerichard	workedunder	akappesstphane
afirminerichard	workedunder	abonnetchristiani
afirminerichard	workedunder	asummereric
afirminerichard	workedunder	atonetticlaudio
afirminerichard	workedunder	agustemmanuelii
afirminerichard	workedunder	aladogedominique
ahubertmulzer	workedunder	akinkelmartin
ahubertmulzer	workedunder	akronthalerthomas
ahubertmulzer	workedunder	aengelhardtwilhelm
ahubertmulzer	workedunder	agutjahrrainer
ahubertmulzer	workedunder	akrgnther
ahubertmulzer	workedunder	abraunbettinai
ahubertmulzer	workedunder	aklischstefan
asamantharnier	workedunder	aapprederisfranck
asamantharnier	workedunder	avergnejeanpierre
atommikulla	workedunder	akinkelmartin
atommikulla	workedunder	akronthalerthomas
atommikulla	workedunder	aengelhardtwilhelm
atommikulla	workedunder	agutjahrrainer
atommikulla	workedunder	akrgnther
atommikulla	workedunder	abraunbettinai
atommikulla	workedunder	aklischstefan
acoralyzahonero	workedunder	aromeclaudemichel
acoralyzahonero	workedunder	akappesstphane
acoralyzahonero	workedunder	abonnetchristiani
acoralyzahonero	workedunder	asummereric
acoralyzahonero	workedunder	atonetticlaudio
acoralyzahonero	workedunder	agustemmanuelii
acoralyzahonero	workedunder	aladogedominique
abrnicebejo	workedunder	aapprederisfranck
abrnicebejo	workedunder	avergnejeanpierre
abrigittefossey	workedunder	aapprederisfranck
abrigittefossey	workedunder	avergnejeanpierre
amaxmller	workedunder	akinkelmartin
amaxmller	workedunder	akronthalerthomas
amaxmller	workedunder	aengelhardtwilhelm
amaxmller	workedunder	agutjahrrainer
amaxmller	workedunder	akrgnther
amaxmller	workedunder	abraunbettinai
amaxmller	workedunder	aklischstefan
amarenschumacher	workedunder	akinkelmartin
amarenschumacher	workedunder	akronthalerthomas
amarenschumacher	workedunder	aengelhardtwilhelm
amarenschumacher	workedunder	agutjahrrainer
amarenschumacher	workedunder	akrgnther
amarenschumacher	workedunder	abraunbettinai
amarenschumacher	workedunder	aklischstefan
avincentlecoeur	workedunder	aapprederisfranck
avincentlecoeur	workedunder	avergnejeanpierre
aestefanacastro	workedunder	aapprederisfranck
aestefanacastro	workedunder	avergnejeanpierre
ajuttawachowiak	workedunder	astephanbernhard
ajuttawachowiak	workedunder	azensmichael
aarmelledeutsch	workedunder	aapprederisfranck
aarmelledeutsch	workedunder	avergnejeanpierre
athomasstielner	workedunder	akinkelmartin
athomasstielner	workedunder	akronthalerthomas
athomasstielner	workedunder	aengelhardtwilhelm
athomasstielner	workedunder	agutjahrrainer
athomasstielner	workedunder	akrgnther
athomasstielner	workedunder	abraunbettinai
athomasstielner	workedunder	aklischstefan
afranoisechristophe	workedunder	aromeclaudemichel
afranoisechristophe	workedunder	akappesstphane
afranoisechristophe	workedunder	abonnetchristiani
afranoisechristophe	workedunder	asummereric
afranoisechristophe	workedunder	atonetticlaudio
afranoisechristophe	workedunder	agustemmanuelii
afranoisechristophe	workedunder	aladogedominique
apierrearditi	workedunder	aapprederisfranck
apierrearditi	workedunder	avergnejeanpierre
aclaudiamessner	workedunder	astephanbernhard
aclaudiamessner	workedunder	azensmichael
amarisaburger	workedunder	akinkelmartin
amarisaburger	workedunder	akronthalerthomas
amarisaburger	workedunder	aengelhardtwilhelm
amarisaburger	workedunder	agutjahrrainer
amarisaburger	workedunder	akrgnther
amarisaburger	workedunder	abraunbettinai
amarisaburger	workedunder	aklischstefan
afrancishuster	workedunder	aromeclaudemichel
afrancishuster	workedunder	akappesstphane
afrancishuster	workedunder	abonnetchristiani
afrancishuster	workedunder	asummereric
afrancishuster	workedunder	atonetticlaudio
afrancishuster	workedunder	agustemmanuelii
afrancishuster	workedunder	aladogedominique
atheresascholze	workedunder	astephanbernhard
atheresascholze	workedunder	azensmichael
aalexandrawinisky	workedunder	aapprederisfranck
aalexandrawinisky	workedunder	avergnejeanpierre
aandreasschwaiger	workedunder	akinkelmartin
aandreasschwaiger	workedunder	akronthalerthomas
aandreasschwaiger	workedunder	aengelhardtwilhelm
aandreasschwaiger	workedunder	astephanbernhard
aandreasschwaiger	workedunder	agutjahrrainer
aandreasschwaiger	workedunder	akrgnther
aandreasschwaiger	workedunder	azensmichael
aandreasschwaiger	workedunder	abraunbettinai
aandreasschwaiger	workedunder	aklischstefan
akarinthaler	workedunder	akinkelmartin
akarinthaler	workedunder	akronthalerthomas
akarinthaler	workedunder	aengelhardtwilhelm
akarinthaler	workedunder	agutjahrrainer
akarinthaler	workedunder	akrgnther
akarinthaler	workedunder	abraunbettinai
akarinthaler	workedunder	aklischstefan
arenateschroeter	workedunder	astephanbernhard
arenateschroeter	workedunder	azensmichael
adidierdijoux	workedunder	aapprederisfranck
adidierdijoux	workedunder	avergnejeanpierre
agesinecukrowski	workedunder	astephanbernhard
agesinecukrowski	workedunder	azensmichael
akonstanzebreitebner	workedunder	astephanbernhard
akonstanzebreitebner	workedunder	azensmichael
amarkusbker	workedunder	akinkelmartin
amarkusbker	workedunder	akronthalerthomas
amarkusbker	workedunder	aengelhardtwilhelm
amarkusbker	workedunder	agutjahrrainer
amarkusbker	workedunder	akrgnther
amarkusbker	workedunder	abraunbettinai
amarkusbker	workedunder	aklischstefan
ajrggudzuhn	workedunder	astephanbernhard
ajrggudzuhn	workedunder	azensmichael
adietermann	workedunder	astephanbernhard
adietermann	workedunder	azensmichael
apatricejuiff	workedunder	aapprederisfranck
apatricejuiff	workedunder	avergnejeanpierre
accilecassel	workedunder	aromeclaudemichel
accilecassel	workedunder	akappesstphane
accilecassel	workedunder	abonnetchristiani
accilecassel	workedunder	asummereric
accilecassel	workedunder	atonetticlaudio
accilecassel	workedunder	agustemmanuelii
accilecassel	workedunder	aladogedominique
aleonardlansink	workedunder	astephanbernhard
aleonardlansink	workedunder	azensmichael
aulrichmhe	workedunder	astephanbernhard
aulrichmhe	workedunder	azensmichael
aangelinasarova	workedunder	amarinovichanton
aangelinasarova	workedunder	asurchadzhievstefani
aivankondov	workedunder	asurchadzhievstefani
akirilyanev	workedunder	asurchadzhievstefani
astoychomazgalov	workedunder	atraykovatanas
astoychomazgalov	workedunder	apunchevborislav
astoychomazgalov	workedunder	asurchadzhievstefani
amikhailmikhajlov	workedunder	asurchadzhievstefani
aganchoganchev	workedunder	amarinovichanton
amichalbajor	workedunder	apunchevborislav
ahristodinev	workedunder	asurchadzhievstefani
avyarakovacheva	workedunder	amarinovichanton
apetardespotov	workedunder	atraykovatanas
asavahashamov	workedunder	asurchadzhievstefani
alyubomirbobchevski	workedunder	asurchadzhievstefani
amariashopova	workedunder	amarinovichanton
akostatsonev	workedunder	atraykovatanas
akostatsonev	workedunder	apunchevborislav
astefandanailov	workedunder	atraykovatanas
aivanbratanov	workedunder	amarinovichanton
aemiliaradeva	workedunder	atraykovatanas
ageorgistamatov	workedunder	amarinovichanton
astefanpejchev	workedunder	amarinovichanton
adimitarhadzhiyanev	workedunder	atraykovatanas
ajannowicki	workedunder	apunchevborislav
aalicjajachiewicz	workedunder	apunchevborislav
asonyadjulgerova	workedunder	atraykovatanas
aviktordanchenko	workedunder	asurchadzhievstefani
akunkabaeva	workedunder	amarinovichanton
aantonradichev	workedunder	apunchevborislav
aemilmarkov	workedunder	apunchevborislav
astefanpetrov	workedunder	amarinovichanton
atzenokandov	workedunder	asurchadzhievstefani
alyubomirbachvarov	workedunder	apunchevborislav
aivandimov	workedunder	amarinovichanton
aivangrigorov	workedunder	atraykovatanas
alyubomirkanev	workedunder	apunchevborislav
atzvetolyubrakovski	workedunder	amarinovichanton
asotirmaynolovski	workedunder	apunchevborislav
aivantonev	workedunder	amarinovichanton
abogomilsimeonov	workedunder	apunchevborislav
anevenakokanova	workedunder	atraykovatanas
anevenakokanova	workedunder	apunchevborislav
anikoladadov	workedunder	amarinovichanton
apetyasilyanova	workedunder	atraykovatanas
aluciacammalleri	workedunder	asciveresmarianna
agiancarloscuderi	workedunder	agrimaldiaurelioi
araffaeladavi	workedunder	agrimaldiaurelioi
aenzodimartino	workedunder	agrimaldiaurelioi
aconsuelolupo	workedunder	asciveresmarianna
afrancomirabella	workedunder	agrimaldiaurelioi
abiagiobarone	workedunder	asciveresmarianna
acesareapolito	workedunder	agrimaldiaurelioi
astefanodionisi	workedunder	agrimaldiaurelioi
afabiolobello	workedunder	agrimaldiaurelioi
amanueladolcemascolo	workedunder	asciveresmarianna
acorradofortuna	workedunder	abattiatofranco
aannamariagherardi	workedunder	abattiatofranco
amarcocavicchioli	workedunder	agrimaldiaurelioi
adonatellafinocchiaro	workedunder	abattiatofranco
adanielegalea	workedunder	agrimaldiaurelioi
apaolaciampi	workedunder	agrimaldiaurelioi
amanliosgalambro	workedunder	abattiatofranco
agabrieleferzetti	workedunder	abattiatofranco
aantoniettacarbonetti	workedunder	agrimaldiaurelioi
aantoninobruschetta	workedunder	abattiatofranco
amaurizionicolosi	workedunder	agrimaldiaurelioi
amaurolenares	workedunder	agrimaldiaurelioi
asalvatorelazzaro	workedunder	agrimaldiaurelioi
apieradegliesposti	workedunder	agrimaldiaurelioi
amarcoleonardi	workedunder	agrimaldiaurelioi
aserenaautieri	workedunder	asciveresmarianna
aradarassimov	workedunder	abattiatofranco
aileanarigano	workedunder	asciveresmarianna
avincenzocrivello	workedunder	agrimaldiaurelioi
amarcospicuglia	workedunder	agrimaldiaurelioi
asaromiano	workedunder	agrimaldiaurelioi
atizianalodato	workedunder	abattiatofranco
anicolegrimaudo	workedunder	abattiatofranco
alaurabetti	workedunder	agrimaldiaurelioi
aluciasardo	workedunder	asciveresmarianna
aluciasardo	workedunder	agrimaldiaurelioi
aluciasardo	workedunder	abattiatofranco
acarmelogalati	workedunder	asciveresmarianna
avannifois	workedunder	asciveresmarianna
aauroraquattrocchi	workedunder	agrimaldiaurelioi
abarbaratabita	workedunder	asciveresmarianna
alucavitrano	workedunder	abattiatofranco
apenlopecruz	workedunder	agrimaldiaurelioi
aeddasabatini	workedunder	agrimaldiaurelioi
aeddiejemison	female	aeddiejemison
atimothypaulperez	female	atimothypaulperez
acaseyaffleck	female	acaseyaffleck
ajorgerhernandez	female	ajorgerhernandez
afrankpatton	female	afrankpatton
alorigalinski	female	alorigalinski
agretascacchi	female	agretascacchi
abradpitt	female	abradpitt
aelliottgould	female	aelliottgould
aannejacques	female	aannejacques
acarolflorence	female	acarolflorence
aleahayres	female	aleahayres
adinaconnolly	female	adinaconnolly
aberniemac	female	aberniemac
acynthiastevenson	female	acynthiastevenson
adinamerrill	female	adinamerrill
aangelahall	female	aangelahall
amarkgantt	female	amarkgantt
apaullnolan	female	apaullnolan
acatherinezetajones	female	acatherinezetajones
awhoopigoldberg	female	awhoopigoldberg
ajuliaroberts	female	ajuliaroberts
ageorgeclooney	female	ageorgeclooney
aminianden	female	aminianden
ascottcaan	female	ascottcaan
aceceliaannbirt	female	aceceliaannbirt
arobyndouglass	female	arobyndouglass
afloramontgomery	female	afloramontgomery
asheilapaterson	female	asheilapaterson
ajeannetripplehorn	female	ajeannetripplehorn
asharonstone	female	asharonstone
aellenthomas	female	aellenthomas
atimberrington	female	atimberrington
acharlotterampling	female	acharlotterampling
achelcieross	female	achelcieross
amarksangster	female	amarksangster
aginachiarelli	female	aginachiarelli
adorothymalone	female	adorothymalone
ajurneesmollett	female	ajurneesmollett
ajanchappell	female	ajanchappell
acaitlinoheaney	female	acaitlinoheaney
aleilanisarelle	female	aleilanisarelle
adebraengle	female	adebraengle
agabriellelazure	female	agabriellelazure
ajuliedray	female	ajuliedray
afirminerichard	female	afirminerichard
asamantharnier	female	asamantharnier
acoralyzahonero	female	acoralyzahonero
abrnicebejo	female	abrnicebejo
abrigittefossey	female	abrigittefossey
amarenschumacher	female	amarenschumacher
aestefanacastro	female	aestefanacastro
ajuttawachowiak	female	ajuttawachowiak
aarmelledeutsch	female	aarmelledeutsch
afranoisechristophe	female	afranoisechristophe
aclaudiamessner	female	aclaudiamessner
amarisaburger	female	amarisaburger
afrancishuster	female	afrancishuster
atheresascholze	female	atheresascholze
aalexandrawinisky	female	aalexandrawinisky
akarinthaler	female	akarinthaler
arenateschroeter	female	arenateschroeter
agesinecukrowski	female	agesinecukrowski
akonstanzebreitebner	female	akonstanzebreitebner
accilecassel	female	accilecassel
aangelinasarova	female	aangelinasarova
avyarakovacheva	female	avyarakovacheva
amariashopova	female	amariashopova
aemiliaradeva	female	aemiliaradeva
aalicjajachiewicz	female	aalicjajachiewicz
asonyadjulgerova	female	asonyadjulgerova
akunkabaeva	female	akunkabaeva
anevenakokanova	female	anevenakokanova
apetyasilyanova	female	apetyasilyanova
aluciacammalleri	female	aluciacammalleri
araffaeladavi	female	araffaeladavi
afrancomirabella	female	afrancomirabella
amanueladolcemascolo	female	amanueladolcemascolo
aannamariagherardi	female	aannamariagherardi
adonatellafinocchiaro	female	adonatellafinocchiaro
apaolaciampi	female	apaolaciampi
agabrieleferzetti	female	agabrieleferzetti
aantoniettacarbonetti	female	aantoniettacarbonetti
apieradegliesposti	female	apieradegliesposti
aserenaautieri	female	aserenaautieri
aradarassimov	female	aradarassimov
aileanarigano	female	aileanarigano
atizianalodato	female	atizianalodato
anicolegrimaudo	female	anicolegrimaudo
alaurabetti	female	alaurabetti
aluciasardo	female	aluciasardo
aauroraquattrocchi	female	aauroraquattrocchi
abarbaratabita	female	abarbaratabita
apenlopecruz	female	apenlopecruz
aeddasabatini	female	aeddasabatini
