aoceanstwelve	movie	acaseyaffleck
aoceanstwelve	movie	anelsonpeltz
aoceanstwelve	movie	adontiffany
aoceanstwelve	movie	abradpitt
aoceanstwelve	movie	aannejacques
aoceanstwelve	movie	adinaconnolly
aoceanstwelve	movie	aandygarcia
aoceanstwelve	movie	alarrysontag
aoceanstwelve	movie	acatherinezetajones
aoceanstwelve	movie	ajuliaroberts
aoceanstwelve	movie	ageorgeclooney
aoceanstwelve	movie	adavidsontag
aoceanstwelve	movie	aminianden
aoceanstwelve	movie	ascottcaan
aoceanstwelve	movie	aedkross
aoceanstwelve	movie	asoderberghsteven
aplayerthe	movie	atimrobbins
aplayerthe	movie	agretascacchi
aplayerthe	movie	alylelovett
aplayerthe	movie	aleahayres
aplayerthe	movie	acynthiastevenson
aplayerthe	movie	adeanstockwell
aplayerthe	movie	adinamerrill
aplayerthe	movie	apetergallagher
aplayerthe	movie	aangelahall
aplayerthe	movie	avincentdonofrio
aplayerthe	movie	abrionjames
aplayerthe	movie	afredward
aplayerthe	movie	arichardegrant
aplayerthe	movie	awhoopigoldberg
aplayerthe	movie	asydneypollack
aplayerthe	movie	aaltmanroberti
apelicanbriefthe	movie	astanleyanderson
apelicanbriefthe	movie	atonygoldwyn
apelicanbriefthe	movie	anicholaswoodeson
apelicanbriefthe	movie	ajohnfinn
apelicanbriefthe	movie	ajohnheard
apelicanbriefthe	movie	arobertculp
apelicanbriefthe	movie	adenzelwashington
apelicanbriefthe	movie	aanthonyheald
apelicanbriefthe	movie	ahumecronyn
apelicanbriefthe	movie	ajohnlithgow
apelicanbriefthe	movie	ajamessikking
apelicanbriefthe	movie	astanleytucci
apelicanbriefthe	movie	asamshepard
apelicanbriefthe	movie	ajuliaroberts
apelicanbriefthe	movie	awilliamatherton
apelicanbriefthe	movie	apakulaalanj
aoceanseleven	movie	aeddiejemison
aoceanseleven	movie	atimothypaulperez
aoceanseleven	movie	acaseyaffleck
aoceanseleven	movie	ajorgerhernandez
aoceanseleven	movie	afrankpatton
aoceanseleven	movie	alorigalinski
aoceanseleven	movie	abradpitt
aoceanseleven	movie	aelliottgould
aoceanseleven	movie	acarolflorence
aoceanseleven	movie	aberniemac
aoceanseleven	movie	amarkgantt
aoceanseleven	movie	apaullnolan
aoceanseleven	movie	ageorgeclooney
aoceanseleven	movie	ascottcaan
aoceanseleven	movie	aceceliaannbirt
aoceanseleven	movie	asoderberghsteven
abeautifuljoe	movie	abillyconnolly
abeautifuljoe	movie	asheilapaterson
abeautifuljoe	movie	asharonstone
abeautifuljoe	movie	ajaimzwoolvett
abeautifuljoe	movie	agilbellows
abeautifuljoe	movie	aianholm
abeautifuljoe	movie	abenjohnson
abeautifuljoe	movie	adannflorek
abeautifuljoe	movie	aginachiarelli
abeautifuljoe	movie	afrankcturner
abeautifuljoe	movie	aalancpeterson
abeautifuljoe	movie	anormanarmour
abeautifuljoe	movie	ajurneesmollett
abeautifuljoe	movie	adillonmoen
abeautifuljoe	movie	aconnorwiddows
abeautifuljoe	movie	ametcalfestephen
abasicinstinct	movie	afloramontgomery
abasicinstinct	movie	astancollymore
abasicinstinct	movie	aneilmaskell
abasicinstinct	movie	asharonstone
abasicinstinct	movie	aellenthomas
abasicinstinct	movie	atimberrington
abasicinstinct	movie	adavidthewlis
abasicinstinct	movie	aheathcotewilliams
abasicinstinct	movie	acharlotterampling
abasicinstinct	movie	amarksangster
abasicinstinct	movie	aindiravarma
abasicinstinct	movie	adavidmorrissey
abasicinstinct	movie	ahughdancy
abasicinstinct	movie	ajanchappell
abasicinstinct	movie	aterenceharvey
abasicinstinct	movie	acatonjonesmichael
abasicinstinct	movie	amichaeldouglas
abasicinstinct	movie	adanielvonbargen
abasicinstinct	movie	adenisarndt
abasicinstinct	movie	abenjaminmouton
abasicinstinct	movie	ajeannetripplehorn
abasicinstinct	movie	asharonstone
abasicinstinct	movie	ajackmcgee
abasicinstinct	movie	awayneknight
abasicinstinct	movie	astephentobolowsky
abasicinstinct	movie	achelcieross
abasicinstinct	movie	abruceayoung
abasicinstinct	movie	adorothymalone
abasicinstinct	movie	ageorgedzundza
abasicinstinct	movie	abillcable
abasicinstinct	movie	aleilanisarelle
abasicinstinct	movie	averhoevenpauli
abadlands	movie	arobyndouglass
abadlands	movie	alewissmith
abadlands	movie	asharonstone
abadlands	movie	adavidarnett
abadlands	movie	ajustinmonjo
abadlands	movie	astevekuhn
abadlands	movie	ahughkeaysbyrne
abadlands	movie	amiguelferrer
abadlands	movie	amarccaleb
abadlands	movie	agusmercurio
abadlands	movie	acaitlinoheaney
abadlands	movie	alloydalan
abadlands	movie	adebraengle
abadlands	movie	amillergeorgei
aunetunfontsix	movie	aludwigbriand
aunetunfontsix	movie	aguillaumeromain
aunetunfontsix	movie	aloccorbery
aunetunfontsix	movie	ajuliedray
aunetunfontsix	movie	asamantharnier
aunetunfontsix	movie	abrnicebejo
aunetunfontsix	movie	abrigittefossey
aunetunfontsix	movie	avincentlecoeur
aunetunfontsix	movie	aestefanacastro
aunetunfontsix	movie	aarmelledeutsch
aunetunfontsix	movie	apierrearditi
aunetunfontsix	movie	aalexandrawinisky
aunetunfontsix	movie	adidierdijoux
aunetunfontsix	movie	apatricejuiff
aunetunfontsix	movie	aapprederisfranck
aunetunfontsix	movie	avergnejeanpierre
aletztezeugeder	movie	avolkerranisch
aletztezeugeder	movie	ajuttawachowiak
aletztezeugeder	movie	aclaudiamessner
aletztezeugeder	movie	atheresascholze
aletztezeugeder	movie	aandreasschwaiger
aletztezeugeder	movie	arenateschroeter
aletztezeugeder	movie	agesinecukrowski
aletztezeugeder	movie	akonstanzebreitebner
aletztezeugeder	movie	ajrggudzuhn
aletztezeugeder	movie	adietermann
aletztezeugeder	movie	aleonardlansink
aletztezeugeder	movie	aulrichmhe
aletztezeugeder	movie	astephanbernhard
aletztezeugeder	movie	azensmichael
agrandpatronle	movie	astevekalfa
agrandpatronle	movie	agabriellelazure
agrandpatronle	movie	afirminerichard
agrandpatronle	movie	acoralyzahonero
agrandpatronle	movie	afranoisechristophe
agrandpatronle	movie	afrancishuster
agrandpatronle	movie	accilecassel
agrandpatronle	movie	aromeclaudemichel
agrandpatronle	movie	akappesstphane
agrandpatronle	movie	abonnetchristiani
agrandpatronle	movie	asummereric
agrandpatronle	movie	atonetticlaudio
agrandpatronle	movie	agustemmanuelii
agrandpatronle	movie	aladogedominique
arosenheimcopsdie	movie	agerdlohmeyer
arosenheimcopsdie	movie	ahorstkummeth
arosenheimcopsdie	movie	ahubertmulzer
arosenheimcopsdie	movie	atommikulla
arosenheimcopsdie	movie	amaxmller
arosenheimcopsdie	movie	amarenschumacher
arosenheimcopsdie	movie	athomasstielner
arosenheimcopsdie	movie	amarisaburger
arosenheimcopsdie	movie	aandreasschwaiger
arosenheimcopsdie	movie	akarinthaler
arosenheimcopsdie	movie	amarkusbker
arosenheimcopsdie	movie	akinkelmartin
arosenheimcopsdie	movie	akronthalerthomas
arosenheimcopsdie	movie	aengelhardtwilhelm
arosenheimcopsdie	movie	agutjahrrainer
arosenheimcopsdie	movie	akrgnther
arosenheimcopsdie	movie	abraunbettinai
arosenheimcopsdie	movie	aklischstefan
ageratzite	movie	aangelinasarova
ageratzite	movie	aganchoganchev
ageratzite	movie	avyarakovacheva
ageratzite	movie	amariashopova
ageratzite	movie	aivanbratanov
ageratzite	movie	ageorgistamatov
ageratzite	movie	astefanpejchev
ageratzite	movie	akunkabaeva
ageratzite	movie	astefanpetrov
ageratzite	movie	aivandimov
ageratzite	movie	atzvetolyubrakovski
ageratzite	movie	aivantonev
ageratzite	movie	anikoladadov
ageratzite	movie	amarinovichanton
aspasenieto	movie	astoychomazgalov
aspasenieto	movie	amichalbajor
aspasenieto	movie	akostatsonev
aspasenieto	movie	ajannowicki
aspasenieto	movie	aalicjajachiewicz
aspasenieto	movie	aantonradichev
aspasenieto	movie	aemilmarkov
aspasenieto	movie	alyubomirbachvarov
aspasenieto	movie	alyubomirkanev
aspasenieto	movie	asotirmaynolovski
aspasenieto	movie	abogomilsimeonov
aspasenieto	movie	anevenakokanova
aspasenieto	movie	apunchevborislav
akristali	movie	astoychomazgalov
akristali	movie	apetardespotov
akristali	movie	akostatsonev
akristali	movie	astefandanailov
akristali	movie	aemiliaradeva
akristali	movie	adimitarhadzhiyanev
akristali	movie	asonyadjulgerova
akristali	movie	aivangrigorov
akristali	movie	anevenakokanova
akristali	movie	apetyasilyanova
akristali	movie	atraykovatanas
alegendazapaisiy	movie	aangelinasarova
alegendazapaisiy	movie	aivankondov
alegendazapaisiy	movie	akirilyanev
alegendazapaisiy	movie	astoychomazgalov
alegendazapaisiy	movie	amikhailmikhajlov
alegendazapaisiy	movie	ahristodinev
alegendazapaisiy	movie	asavahashamov
alegendazapaisiy	movie	alyubomirbobchevski
alegendazapaisiy	movie	aviktordanchenko
alegendazapaisiy	movie	atzenokandov
alegendazapaisiy	movie	asurchadzhievstefani
anerolio	movie	agiancarloscuderi
anerolio	movie	aenzodimartino
anerolio	movie	afrancomirabella
anerolio	movie	afabiolobello
anerolio	movie	amarcocavicchioli
anerolio	movie	aantoniettacarbonetti
anerolio	movie	amaurizionicolosi
anerolio	movie	amaurolenares
anerolio	movie	asalvatorelazzaro
anerolio	movie	apieradegliesposti
anerolio	movie	avincenzocrivello
anerolio	movie	amarcospicuglia
anerolio	movie	asaromiano
anerolio	movie	aluciasardo
anerolio	movie	agrimaldiaurelioi
aribellela	movie	araffaeladavi
aribellela	movie	acesareapolito
aribellela	movie	astefanodionisi
aribellela	movie	adanielegalea
aribellela	movie	apaolaciampi
aribellela	movie	amarcoleonardi
aribellela	movie	alaurabetti
aribellela	movie	aauroraquattrocchi
aribellela	movie	apenlopecruz
aribellela	movie	aeddasabatini
aribellela	movie	agrimaldiaurelioi
aperdutoamor	movie	acorradofortuna
aperdutoamor	movie	aannamariagherardi
aperdutoamor	movie	adonatellafinocchiaro
aperdutoamor	movie	amanliosgalambro
aperdutoamor	movie	agabrieleferzetti
aperdutoamor	movie	aantoninobruschetta
aperdutoamor	movie	aradarassimov
aperdutoamor	movie	atizianalodato
aperdutoamor	movie	anicolegrimaudo
aperdutoamor	movie	aluciasardo
aperdutoamor	movie	alucavitrano
aperdutoamor	movie	abattiatofranco
asaramay	movie	aluciacammalleri
asaramay	movie	aconsuelolupo
asaramay	movie	abiagiobarone
asaramay	movie	amanueladolcemascolo
asaramay	movie	aserenaautieri
asaramay	movie	aileanarigano
asaramay	movie	aluciasardo
asaramay	movie	acarmelogalati
asaramay	movie	avannifois
asaramay	movie	abarbaratabita
asaramay	movie	asciveresmarianna
aeddiejemison	workedunder	asoderberghsteven
atimothypaulperez	workedunder	asoderberghsteven
acaseyaffleck	workedunder	asoderberghsteven
ajorgerhernandez	workedunder	asoderberghsteven
astanleyanderson	workedunder	apakulaalanj
atonygoldwyn	workedunder	apakulaalanj
afrankpatton	workedunder	asoderberghsteven
anicholaswoodeson	workedunder	apakulaalanj
anelsonpeltz	workedunder	asoderberghsteven
ajohnfinn	workedunder	apakulaalanj
alorigalinski	workedunder	asoderberghsteven
atimrobbins	workedunder	aaltmanroberti
agretascacchi	workedunder	aaltmanroberti
adontiffany	workedunder	asoderberghsteven
abradpitt	workedunder	asoderberghsteven
ajohnheard	workedunder	apakulaalanj
aelliottgould	workedunder	asoderberghsteven
aannejacques	workedunder	asoderberghsteven
alylelovett	workedunder	aaltmanroberti
acarolflorence	workedunder	asoderberghsteven
aleahayres	workedunder	aaltmanroberti
arobertculp	workedunder	apakulaalanj
adinaconnolly	workedunder	asoderberghsteven
aandygarcia	workedunder	asoderberghsteven
adenzelwashington	workedunder	apakulaalanj
aberniemac	workedunder	asoderberghsteven
acynthiastevenson	workedunder	aaltmanroberti
adeanstockwell	workedunder	aaltmanroberti
aanthonyheald	workedunder	apakulaalanj
ahumecronyn	workedunder	apakulaalanj
adinamerrill	workedunder	aaltmanroberti
apetergallagher	workedunder	aaltmanroberti
aangelahall	workedunder	aaltmanroberti
ajohnlithgow	workedunder	apakulaalanj
ajamessikking	workedunder	apakulaalanj
alarrysontag	workedunder	asoderberghsteven
avincentdonofrio	workedunder	aaltmanroberti
abrionjames	workedunder	aaltmanroberti
afredward	workedunder	aaltmanroberti
amarkgantt	workedunder	asoderberghsteven
astanleytucci	workedunder	apakulaalanj
apaullnolan	workedunder	asoderberghsteven
arichardegrant	workedunder	aaltmanroberti
acatherinezetajones	workedunder	asoderberghsteven
asamshepard	workedunder	apakulaalanj
awhoopigoldberg	workedunder	aaltmanroberti
ajuliaroberts	workedunder	asoderberghsteven
ajuliaroberts	workedunder	apakulaalanj
ageorgeclooney	workedunder	asoderberghsteven
adavidsontag	workedunder	asoderberghsteven
awilliamatherton	workedunder	apakulaalanj
asydneypollack	workedunder	aaltmanroberti
aminianden	workedunder	asoderberghsteven
ascottcaan	workedunder	asoderberghsteven
aceceliaannbirt	workedunder	asoderberghsteven
aedkross	workedunder	asoderberghsteven
amichaeldouglas	workedunder	averhoevenpauli
arobyndouglass	workedunder	amillergeorgei
alewissmith	workedunder	amillergeorgei
abillyconnolly	workedunder	ametcalfestephen
adanielvonbargen	workedunder	averhoevenpauli
adenisarndt	workedunder	averhoevenpauli
afloramontgomery	workedunder	acatonjonesmichael
asheilapaterson	workedunder	ametcalfestephen
astancollymore	workedunder	acatonjonesmichael
abenjaminmouton	workedunder	averhoevenpauli
ajeannetripplehorn	workedunder	averhoevenpauli
aneilmaskell	workedunder	acatonjonesmichael
asharonstone	workedunder	ametcalfestephen
asharonstone	workedunder	averhoevenpauli
asharonstone	workedunder	amillergeorgei
asharonstone	workedunder	acatonjonesmichael
aellenthomas	workedunder	acatonjonesmichael
adavidarnett	workedunder	amillergeorgei
ajackmcgee	workedunder	averhoevenpauli
awayneknight	workedunder	averhoevenpauli
ajustinmonjo	workedunder	amillergeorgei
ajaimzwoolvett	workedunder	ametcalfestephen
atimberrington	workedunder	acatonjonesmichael
astephentobolowsky	workedunder	averhoevenpauli
agilbellows	workedunder	ametcalfestephen
adavidthewlis	workedunder	acatonjonesmichael
aianholm	workedunder	ametcalfestephen
abenjohnson	workedunder	ametcalfestephen
adannflorek	workedunder	ametcalfestephen
aheathcotewilliams	workedunder	acatonjonesmichael
acharlotterampling	workedunder	acatonjonesmichael
achelcieross	workedunder	averhoevenpauli
astevekuhn	workedunder	amillergeorgei
amarksangster	workedunder	acatonjonesmichael
aindiravarma	workedunder	acatonjonesmichael
ahughkeaysbyrne	workedunder	amillergeorgei
aginachiarelli	workedunder	ametcalfestephen
abruceayoung	workedunder	averhoevenpauli
adavidmorrissey	workedunder	acatonjonesmichael
amiguelferrer	workedunder	amillergeorgei
adorothymalone	workedunder	averhoevenpauli
ageorgedzundza	workedunder	averhoevenpauli
ahughdancy	workedunder	acatonjonesmichael
abillcable	workedunder	averhoevenpauli
amarccaleb	workedunder	amillergeorgei
afrankcturner	workedunder	ametcalfestephen
aalancpeterson	workedunder	ametcalfestephen
anormanarmour	workedunder	ametcalfestephen
ajurneesmollett	workedunder	ametcalfestephen
ajanchappell	workedunder	acatonjonesmichael
agusmercurio	workedunder	amillergeorgei
acaitlinoheaney	workedunder	amillergeorgei
aterenceharvey	workedunder	acatonjonesmichael
adillonmoen	workedunder	ametcalfestephen
aleilanisarelle	workedunder	averhoevenpauli
alloydalan	workedunder	amillergeorgei
aconnorwiddows	workedunder	ametcalfestephen
adebraengle	workedunder	amillergeorgei
avolkerranisch	workedunder	astephanbernhard
avolkerranisch	workedunder	azensmichael
aludwigbriand	workedunder	aapprederisfranck
aludwigbriand	workedunder	avergnejeanpierre
agerdlohmeyer	workedunder	akinkelmartin
agerdlohmeyer	workedunder	akronthalerthomas
agerdlohmeyer	workedunder	aengelhardtwilhelm
agerdlohmeyer	workedunder	agutjahrrainer
agerdlohmeyer	workedunder	akrgnther
agerdlohmeyer	workedunder	abraunbettinai
agerdlohmeyer	workedunder	aklischstefan
astevekalfa	workedunder	aromeclaudemichel
astevekalfa	workedunder	akappesstphane
astevekalfa	workedunder	abonnetchristiani
astevekalfa	workedunder	asummereric
astevekalfa	workedunder	atonetticlaudio
astevekalfa	workedunder	agustemmanuelii
astevekalfa	workedunder	aladogedominique
aguillaumeromain	workedunder	aapprederisfranck
aguillaumeromain	workedunder	avergnejeanpierre
agabriellelazure	workedunder	aromeclaudemichel
agabriellelazure	workedunder	akappesstphane
agabriellelazure	workedunder	abonnetchristiani
agabriellelazure	workedunder	asummereric
agabriellelazure	workedunder	atonetticlaudio
agabriellelazure	workedunder	agustemmanuelii
agabriellelazure	workedunder	aladogedominique
ahorstkummeth	workedunder	akinkelmartin
ahorstkummeth	workedunder	akronthalerthomas
ahorstkummeth	workedunder	aengelhardtwilhelm
ahorstkummeth	workedunder	agutjahrrainer
ahorstkummeth	workedunder	akrgnther
ahorstkummeth	workedunder	abraunbettinai
ahorstkummeth	workedunder	aklischstefan
aloccorbery	workedunder	aapprederisfranck
aloccorbery	workedunder	avergnejeanpierre
ajuliedray	workedunder	aapprederisfranck
ajuliedray	workedunder	avergnejeanpierre
afirminerichard	workedunder	aromeclaudemichel
afirminerichard	workedunder	akappesstphane
afirminerichard	workedunder	abonnetchristiani
afirminerichard	workedunder	asummereric
afirminerichard	workedunder	atonetticlaudio
afirminerichard	workedunder	agustemmanuelii
afirminerichard	workedunder	aladogedominique
ahubertmulzer	workedunder	akinkelmartin
ahubertmulzer	workedunder	akronthalerthomas
ahubertmulzer	workedunder	aengelhardtwilhelm
ahubertmulzer	workedunder	agutjahrrainer
ahubertmulzer	workedunder	akrgnther
ahubertmulzer	workedunder	abraunbettinai
ahubertmulzer	workedunder	aklischstefan
asamantharnier	workedunder	aapprederisfranck
asamantharnier	workedunder	avergnejeanpierre
atommikulla	workedunder	akinkelmartin
atommikulla	workedunder	akronthalerthomas
atommikulla	workedunder	aengelhardtwilhelm
atommikulla	workedunder	agutjahrrainer
atommikulla	workedunder	akrgnther
atommikulla	workedunder	abraunbettinai
atommikulla	workedunder	aklischstefan
acoralyzahonero	workedunder	aromeclaudemichel
acoralyzahonero	workedunder	akappesstphane
acoralyzahonero	workedunder	abonnetchristiani
acoralyzahonero	workedunder	asummereric
acoralyzahonero	workedunder	atonetticlaudio
acoralyzahonero	workedunder	agustemmanuelii
acoralyzahonero	workedunder	aladogedominique
abrnicebejo	workedunder	aapprederisfranck
abrnicebejo	workedunder	avergnejeanpierre
abrigittefossey	workedunder	aapprederisfranck
abrigittefossey	workedunder	avergnejeanpierre
amaxmller	workedunder	akinkelmartin
amaxmller	workedunder	akronthalerthomas
amaxmller	workedunder	aengelhardtwilhelm
amaxmller	workedunder	agutjahrrainer
amaxmller	workedunder	akrgnther
amaxmller	workedunder	abraunbettinai
amaxmller	workedunder	aklischstefan
amarenschumacher	workedunder	akinkelmartin
amarenschumacher	workedunder	akronthalerthomas
amarenschumacher	workedunder	aengelhardtwilhelm
amarenschumacher	workedunder	agutjahrrainer
amarenschumacher	workedunder	akrgnther
amarenschumacher	workedunder	abraunbettinai
amarenschumacher	workedunder	aklischstefan
avincentlecoeur	workedunder	aapprederisfranck
avincentlecoeur	workedunder	avergnejeanpierre
aestefanacastro	workedunder	aapprederisfranck
aestefanacastro	workedunder	avergnejeanpierre
ajuttawachowiak	workedunder	astephanbernhard
ajuttawachowiak	workedunder	azensmichael
aarmelledeutsch	workedunder	aapprederisfranck
aarmelledeutsch	workedunder	avergnejeanpierre
athomasstielner	workedunder	akinkelmartin
athomasstielner	workedunder	akronthalerthomas
athomasstielner	workedunder	aengelhardtwilhelm
athomasstielner	workedunder	agutjahrrainer
athomasstielner	workedunder	akrgnther
athomasstielner	workedunder	abraunbettinai
athomasstielner	workedunder	aklischstefan
afranoisechristophe	workedunder	aromeclaudemichel
afranoisechristophe	workedunder	akappesstphane
afranoisechristophe	workedunder	abonnetchristiani
afranoisechristophe	workedunder	asummereric
afranoisechristophe	workedunder	atonetticlaudio
afranoisechristophe	workedunder	agustemmanuelii
afranoisechristophe	workedunder	aladogedominique
apierrearditi	workedunder	aapprederisfranck
apierrearditi	workedunder	avergnejeanpierre
aclaudiamessner	workedunder	astephanbernhard
aclaudiamessner	workedunder	azensmichael
amarisaburger	workedunder	akinkelmartin
amarisaburger	workedunder	akronthalerthomas
amarisaburger	workedunder	aengelhardtwilhelm
amarisaburger	workedunder	agutjahrrainer
amarisaburger	workedunder	akrgnther
amarisaburger	workedunder	abraunbettinai
amarisaburger	workedunder	aklischstefan
afrancishuster	workedunder	aromeclaudemichel
afrancishuster	workedunder	akappesstphane
afrancishuster	workedunder	abonnetchristiani
afrancishuster	workedunder	asummereric
afrancishuster	workedunder	atonetticlaudio
afrancishuster	workedunder	agustemmanuelii
afrancishuster	workedunder	aladogedominique
atheresascholze	workedunder	astephanbernhard
atheresascholze	workedunder	azensmichael
aalexandrawinisky	workedunder	aapprederisfranck
aalexandrawinisky	workedunder	avergnejeanpierre
aandreasschwaiger	workedunder	akinkelmartin
aandreasschwaiger	workedunder	akronthalerthomas
aandreasschwaiger	workedunder	aengelhardtwilhelm
aandreasschwaiger	workedunder	astephanbernhard
aandreasschwaiger	workedunder	agutjahrrainer
aandreasschwaiger	workedunder	akrgnther
aandreasschwaiger	workedunder	azensmichael
aandreasschwaiger	workedunder	abraunbettinai
aandreasschwaiger	workedunder	aklischstefan
akarinthaler	workedunder	akinkelmartin
akarinthaler	workedunder	akronthalerthomas
akarinthaler	workedunder	aengelhardtwilhelm
akarinthaler	workedunder	agutjahrrainer
akarinthaler	workedunder	akrgnther
akarinthaler	workedunder	abraunbettinai
akarinthaler	workedunder	aklischstefan
arenateschroeter	workedunder	astephanbernhard
arenateschroeter	workedunder	azensmichael
adidierdijoux	workedunder	aapprederisfranck
adidierdijoux	workedunder	avergnejeanpierre
agesinecukrowski	workedunder	astephanbernhard
agesinecukrowski	workedunder	azensmichael
akonstanzebreitebner	workedunder	astephanbernhard
akonstanzebreitebner	workedunder	azensmichael
amarkusbker	workedunder	akinkelmartin
amarkusbker	workedunder	akronthalerthomas
amarkusbker	workedunder	aengelhardtwilhelm
amarkusbker	workedunder	agutjahrrainer
amarkusbker	workedunder	akrgnther
amarkusbker	workedunder	abraunbettinai
amarkusbker	workedunder	aklischstefan
ajrggudzuhn	workedunder	astephanbernhard
ajrggudzuhn	workedunder	azensmichael
adietermann	workedunder	astephanbernhard
adietermann	workedunder	azensmichael
apatricejuiff	workedunder	aapprederisfranck
apatricejuiff	workedunder	avergnejeanpierre
accilecassel	workedunder	aromeclaudemichel
accilecassel	workedunder	akappesstphane
accilecassel	workedunder	abonnetchristiani
accilecassel	workedunder	asummereric
accilecassel	workedunder	atonetticlaudio
accilecassel	workedunder	agustemmanuelii
accilecassel	workedunder	aladogedominique
aleonardlansink	workedunder	astephanbernhard
aleonardlansink	workedunder	azensmichael
aulrichmhe	workedunder	astephanbernhard
aulrichmhe	workedunder	azensmichael
aangelinasarova	workedunder	amarinovichanton
aangelinasarova	workedunder	asurchadzhievstefani
aivankondov	workedunder	asurchadzhievstefani
akirilyanev	workedunder	asurchadzhievstefani
astoychomazgalov	workedunder	atraykovatanas
astoychomazgalov	workedunder	apunchevborislav
astoychomazgalov	workedunder	asurchadzhievstefani
amikhailmikhajlov	workedunder	asurchadzhievstefani
aganchoganchev	workedunder	amarinovichanton
amichalbajor	workedunder	apunchevborislav
ahristodinev	workedunder	asurchadzhievstefani
avyarakovacheva	workedunder	amarinovichanton
apetardespotov	workedunder	atraykovatanas
asavahashamov	workedunder	asurchadzhievstefani
alyubomirbobchevski	workedunder	asurchadzhievstefani
amariashopova	workedunder	amarinovichanton
akostatsonev	workedunder	atraykovatanas
akostatsonev	workedunder	apunchevborislav
astefandanailov	workedunder	atraykovatanas
aivanbratanov	workedunder	amarinovichanton
aemiliaradeva	workedunder	atraykovatanas
ageorgistamatov	workedunder	amarinovichanton
astefanpejchev	workedunder	amarinovichanton
adimitarhadzhiyanev	workedunder	atraykovatanas
ajannowicki	workedunder	apunchevborislav
aalicjajachiewicz	workedunder	apunchevborislav
asonyadjulgerova	workedunder	atraykovatanas
aviktordanchenko	workedunder	asurchadzhievstefani
akunkabaeva	workedunder	amarinovichanton
aantonradichev	workedunder	apunchevborislav
aemilmarkov	workedunder	apunchevborislav
astefanpetrov	workedunder	amarinovichanton
atzenokandov	workedunder	asurchadzhievstefani
alyubomirbachvarov	workedunder	apunchevborislav
aivandimov	workedunder	amarinovichanton
aivangrigorov	workedunder	atraykovatanas
alyubomirkanev	workedunder	apunchevborislav
atzvetolyubrakovski	workedunder	amarinovichanton
asotirmaynolovski	workedunder	apunchevborislav
aivantonev	workedunder	amarinovichanton
abogomilsimeonov	workedunder	apunchevborislav
anevenakokanova	workedunder	atraykovatanas
anevenakokanova	workedunder	apunchevborislav
anikoladadov	workedunder	amarinovichanton
apetyasilyanova	workedunder	atraykovatanas
aluciacammalleri	workedunder	asciveresmarianna
agiancarloscuderi	workedunder	agrimaldiaurelioi
araffaeladavi	workedunder	agrimaldiaurelioi
aenzodimartino	workedunder	agrimaldiaurelioi
aconsuelolupo	workedunder	asciveresmarianna
afrancomirabella	workedunder	agrimaldiaurelioi
abiagiobarone	workedunder	asciveresmarianna
acesareapolito	workedunder	agrimaldiaurelioi
astefanodionisi	workedunder	agrimaldiaurelioi
afabiolobello	workedunder	agrimaldiaurelioi
amanueladolcemascolo	workedunder	asciveresmarianna
acorradofortuna	workedunder	abattiatofranco
aannamariagherardi	workedunder	abattiatofranco
amarcocavicchioli	workedunder	agrimaldiaurelioi
adonatellafinocchiaro	workedunder	abattiatofranco
adanielegalea	workedunder	agrimaldiaurelioi
apaolaciampi	workedunder	agrimaldiaurelioi
amanliosgalambro	workedunder	abattiatofranco
agabrieleferzetti	workedunder	abattiatofranco
aantoniettacarbonetti	workedunder	agrimaldiaurelioi
aantoninobruschetta	workedunder	abattiatofranco
amaurizionicolosi	workedunder	agrimaldiaurelioi
amaurolenares	workedunder	agrimaldiaurelioi
asalvatorelazzaro	workedunder	agrimaldiaurelioi
apieradegliesposti	workedunder	agrimaldiaurelioi
amarcoleonardi	workedunder	agrimaldiaurelioi
aserenaautieri	workedunder	asciveresmarianna
aradarassimov	workedunder	abattiatofranco
aileanarigano	workedunder	asciveresmarianna
avincenzocrivello	workedunder	agrimaldiaurelioi
amarcospicuglia	workedunder	agrimaldiaurelioi
asaromiano	workedunder	agrimaldiaurelioi
atizianalodato	workedunder	abattiatofranco
anicolegrimaudo	workedunder	abattiatofranco
alaurabetti	workedunder	agrimaldiaurelioi
aluciasardo	workedunder	asciveresmarianna
aluciasardo	workedunder	agrimaldiaurelioi
aluciasardo	workedunder	abattiatofranco
acarmelogalati	workedunder	asciveresmarianna
avannifois	workedunder	asciveresmarianna
aauroraquattrocchi	workedunder	agrimaldiaurelioi
abarbaratabita	workedunder	asciveresmarianna
alucavitrano	workedunder	abattiatofranco
apenlopecruz	workedunder	agrimaldiaurelioi
aeddasabatini	workedunder	agrimaldiaurelioi
aeddiejemison	isa	actor
atimothypaulperez	isa	actor
acaseyaffleck	isa	actor
ajorgerhernandez	isa	actor
astanleyanderson	isa	actor
atonygoldwyn	isa	actor
afrankpatton	isa	actor
anicholaswoodeson	isa	actor
anelsonpeltz	isa	actor
ajohnfinn	isa	actor
alorigalinski	isa	actor
atimrobbins	isa	actor
agretascacchi	isa	actor
adontiffany	isa	actor
abradpitt	isa	actor
ajohnheard	isa	actor
aelliottgould	isa	actor
aannejacques	isa	actor
alylelovett	isa	actor
acarolflorence	isa	actor
aleahayres	isa	actor
arobertculp	isa	actor
adinaconnolly	isa	actor
aandygarcia	isa	actor
adenzelwashington	isa	actor
aberniemac	isa	actor
acynthiastevenson	isa	actor
adeanstockwell	isa	actor
aanthonyheald	isa	actor
ahumecronyn	isa	actor
adinamerrill	isa	actor
apetergallagher	isa	actor
aangelahall	isa	actor
ajohnlithgow	isa	actor
ajamessikking	isa	actor
alarrysontag	isa	actor
avincentdonofrio	isa	actor
abrionjames	isa	actor
afredward	isa	actor
amarkgantt	isa	actor
astanleytucci	isa	actor
apaullnolan	isa	actor
arichardegrant	isa	actor
acatherinezetajones	isa	actor
asamshepard	isa	actor
awhoopigoldberg	isa	actor
ajuliaroberts	isa	actor
ageorgeclooney	isa	actor
adavidsontag	isa	actor
awilliamatherton	isa	actor
asydneypollack	isa	actor
aminianden	isa	actor
ascottcaan	isa	actor
aceceliaannbirt	isa	actor
aedkross	isa	actor
asoderberghsteven	isa	director
apakulaalanj	isa	director
aaltmanroberti	isa	director
aeddiejemison	isa	female
atimothypaulperez	isa	female
acaseyaffleck	isa	female
ajorgerhernandez	isa	female
afrankpatton	isa	female
alorigalinski	isa	female
agretascacchi	isa	female
abradpitt	isa	female
aelliottgould	isa	female
aannejacques	isa	female
acarolflorence	isa	female
aleahayres	isa	female
adinaconnolly	isa	female
aberniemac	isa	female
acynthiastevenson	isa	female
adinamerrill	isa	female
aangelahall	isa	female
amarkgantt	isa	female
apaullnolan	isa	female
acatherinezetajones	isa	female
awhoopigoldberg	isa	female
ajuliaroberts	isa	female
ageorgeclooney	isa	female
aminianden	isa	female
ascottcaan	isa	female
aceceliaannbirt	isa	female
amichaeldouglas	isa	actor
arobyndouglass	isa	actor
alewissmith	isa	actor
abillyconnolly	isa	actor
adanielvonbargen	isa	actor
adenisarndt	isa	actor
afloramontgomery	isa	actor
asheilapaterson	isa	actor
astancollymore	isa	actor
abenjaminmouton	isa	actor
ajeannetripplehorn	isa	actor
aneilmaskell	isa	actor
asharonstone	isa	actor
aellenthomas	isa	actor
adavidarnett	isa	actor
ajackmcgee	isa	actor
awayneknight	isa	actor
ajustinmonjo	isa	actor
ajaimzwoolvett	isa	actor
atimberrington	isa	actor
astephentobolowsky	isa	actor
agilbellows	isa	actor
adavidthewlis	isa	actor
aianholm	isa	actor
abenjohnson	isa	actor
adannflorek	isa	actor
aheathcotewilliams	isa	actor
acharlotterampling	isa	actor
achelcieross	isa	actor
astevekuhn	isa	actor
amarksangster	isa	actor
aindiravarma	isa	actor
ahughkeaysbyrne	isa	actor
aginachiarelli	isa	actor
abruceayoung	isa	actor
adavidmorrissey	isa	actor
amiguelferrer	isa	actor
adorothymalone	isa	actor
ageorgedzundza	isa	actor
ahughdancy	isa	actor
abillcable	isa	actor
amarccaleb	isa	actor
afrankcturner	isa	actor
aalancpeterson	isa	actor
anormanarmour	isa	actor
ajurneesmollett	isa	actor
ajanchappell	isa	actor
agusmercurio	isa	actor
acaitlinoheaney	isa	actor
aterenceharvey	isa	actor
adillonmoen	isa	actor
aleilanisarelle	isa	actor
alloydalan	isa	actor
aconnorwiddows	isa	actor
adebraengle	isa	actor
ametcalfestephen	isa	director
averhoevenpauli	isa	director
amillergeorgei	isa	director
acatonjonesmichael	isa	director
arobyndouglass	isa	female
afloramontgomery	isa	female
asheilapaterson	isa	female
ajeannetripplehorn	isa	female
asharonstone	isa	female
aellenthomas	isa	female
atimberrington	isa	female
acharlotterampling	isa	female
achelcieross	isa	female
amarksangster	isa	female
aginachiarelli	isa	female
adorothymalone	isa	female
ajurneesmollett	isa	female
ajanchappell	isa	female
acaitlinoheaney	isa	female
aleilanisarelle	isa	female
adebraengle	isa	female
avolkerranisch	isa	actor
aludwigbriand	isa	actor
agerdlohmeyer	isa	actor
astevekalfa	isa	actor
aguillaumeromain	isa	actor
agabriellelazure	isa	actor
ahorstkummeth	isa	actor
aloccorbery	isa	actor
ajuliedray	isa	actor
afirminerichard	isa	actor
ahubertmulzer	isa	actor
asamantharnier	isa	actor
atommikulla	isa	actor
acoralyzahonero	isa	actor
abrnicebejo	isa	actor
abrigittefossey	isa	actor
amaxmller	isa	actor
amarenschumacher	isa	actor
avincentlecoeur	isa	actor
aestefanacastro	isa	actor
ajuttawachowiak	isa	actor
aarmelledeutsch	isa	actor
athomasstielner	isa	actor
afranoisechristophe	isa	actor
apierrearditi	isa	actor
aclaudiamessner	isa	actor
amarisaburger	isa	actor
afrancishuster	isa	actor
atheresascholze	isa	actor
aalexandrawinisky	isa	actor
aandreasschwaiger	isa	actor
akarinthaler	isa	actor
arenateschroeter	isa	actor
adidierdijoux	isa	actor
agesinecukrowski	isa	actor
akonstanzebreitebner	isa	actor
amarkusbker	isa	actor
ajrggudzuhn	isa	actor
adietermann	isa	actor
apatricejuiff	isa	actor
accilecassel	isa	actor
aleonardlansink	isa	actor
aulrichmhe	isa	actor
akinkelmartin	isa	director
akronthalerthomas	isa	director
aengelhardtwilhelm	isa	director
astephanbernhard	isa	director
aromeclaudemichel	isa	director
akappesstphane	isa	director
aapprederisfranck	isa	director
agutjahrrainer	isa	director
akrgnther	isa	director
abonnetchristiani	isa	director
asummereric	isa	director
azensmichael	isa	director
atonetticlaudio	isa	director
avergnejeanpierre	isa	director
abraunbettinai	isa	director
agustemmanuelii	isa	director
aklischstefan	isa	director
aladogedominique	isa	director
agabriellelazure	isa	female
ajuliedray	isa	female
afirminerichard	isa	female
asamantharnier	isa	female
acoralyzahonero	isa	female
abrnicebejo	isa	female
abrigittefossey	isa	female
amarenschumacher	isa	female
aestefanacastro	isa	female
ajuttawachowiak	isa	female
aarmelledeutsch	isa	female
afranoisechristophe	isa	female
aclaudiamessner	isa	female
amarisaburger	isa	female
afrancishuster	isa	female
atheresascholze	isa	female
aalexandrawinisky	isa	female
akarinthaler	isa	female
arenateschroeter	isa	female
agesinecukrowski	isa	female
akonstanzebreitebner	isa	female
accilecassel	isa	female
aangelinasarova	isa	actor
aivankondov	isa	actor
akirilyanev	isa	actor
astoychomazgalov	isa	actor
amikhailmikhajlov	isa	actor
aganchoganchev	isa	actor
amichalbajor	isa	actor
ahristodinev	isa	actor
avyarakovacheva	isa	actor
apetardespotov	isa	actor
asavahashamov	isa	actor
alyubomirbobchevski	isa	actor
amariashopova	isa	actor
akostatsonev	isa	actor
astefandanailov	isa	actor
aivanbratanov	isa	actor
aemiliaradeva	isa	actor
ageorgistamatov	isa	actor
astefanpejchev	isa	actor
adimitarhadzhiyanev	isa	actor
ajannowicki	isa	actor
aalicjajachiewicz	isa	actor
asonyadjulgerova	isa	actor
aviktordanchenko	isa	actor
akunkabaeva	isa	actor
aantonradichev	isa	actor
aemilmarkov	isa	actor
astefanpetrov	isa	actor
atzenokandov	isa	actor
alyubomirbachvarov	isa	actor
aivandimov	isa	actor
aivangrigorov	isa	actor
alyubomirkanev	isa	actor
atzvetolyubrakovski	isa	actor
asotirmaynolovski	isa	actor
aivantonev	isa	actor
abogomilsimeonov	isa	actor
anevenakokanova	isa	actor
anikoladadov	isa	actor
apetyasilyanova	isa	actor
atraykovatanas	isa	director
apunchevborislav	isa	director
amarinovichanton	isa	director
asurchadzhievstefani	isa	director
aangelinasarova	isa	female
avyarakovacheva	isa	female
amariashopova	isa	female
aemiliaradeva	isa	female
aalicjajachiewicz	isa	female
asonyadjulgerova	isa	female
akunkabaeva	isa	female
anevenakokanova	isa	female
apetyasilyanova	isa	female
aluciacammalleri	isa	actor
agiancarloscuderi	isa	actor
araffaeladavi	isa	actor
aenzodimartino	isa	actor
aconsuelolupo	isa	actor
afrancomirabella	isa	actor
abiagiobarone	isa	actor
acesareapolito	isa	actor
astefanodionisi	isa	actor
afabiolobello	isa	actor
amanueladolcemascolo	isa	actor
acorradofortuna	isa	actor
aannamariagherardi	isa	actor
amarcocavicchioli	isa	actor
adonatellafinocchiaro	isa	actor
adanielegalea	isa	actor
apaolaciampi	isa	actor
amanliosgalambro	isa	actor
agabrieleferzetti	isa	actor
aantoniettacarbonetti	isa	actor
aantoninobruschetta	isa	actor
amaurizionicolosi	isa	actor
amaurolenares	isa	actor
asalvatorelazzaro	isa	actor
apieradegliesposti	isa	actor
amarcoleonardi	isa	actor
aserenaautieri	isa	actor
aradarassimov	isa	actor
aileanarigano	isa	actor
avincenzocrivello	isa	actor
amarcospicuglia	isa	actor
asaromiano	isa	actor
atizianalodato	isa	actor
anicolegrimaudo	isa	actor
alaurabetti	isa	actor
aluciasardo	isa	actor
acarmelogalati	isa	actor
avannifois	isa	actor
aauroraquattrocchi	isa	actor
abarbaratabita	isa	actor
alucavitrano	isa	actor
apenlopecruz	isa	actor
aeddasabatini	isa	actor
asciveresmarianna	isa	director
agrimaldiaurelioi	isa	director
abattiatofranco	isa	director
aluciacammalleri	isa	female
araffaeladavi	isa	female
afrancomirabella	isa	female
amanueladolcemascolo	isa	female
aannamariagherardi	isa	female
adonatellafinocchiaro	isa	female
apaolaciampi	isa	female
agabrieleferzetti	isa	female
aantoniettacarbonetti	isa	female
apieradegliesposti	isa	female
aserenaautieri	isa	female
aradarassimov	isa	female
aileanarigano	isa	female
atizianalodato	isa	female
anicolegrimaudo	isa	female
alaurabetti	isa	female
aluciasardo	isa	female
aauroraquattrocchi	isa	female
abarbaratabita	isa	female
apenlopecruz	isa	female
aeddasabatini	isa	female
asoderberghsteven	genre	athriller
asoderberghsteven	genre	acomedy
asoderberghsteven	genre	adocumentary
asoderberghsteven	genre	aaction
asoderberghsteven	genre	acrime
apakulaalanj	genre	athriller
apakulaalanj	genre	adrama
apakulaalanj	genre	amystery
aaltmanroberti	genre	athriller
aaltmanroberti	genre	acomedy
aaltmanroberti	genre	adrama
ametcalfestephen	genre	acomedy
ametcalfestephen	genre	adrama
ametcalfestephen	genre	aromance
averhoevenpauli	genre	athriller
averhoevenpauli	genre	acrime
averhoevenpauli	genre	adrama
averhoevenpauli	genre	amystery
amillergeorgei	genre	ascifi
acatonjonesmichael	genre	athriller
acatonjonesmichael	genre	acrime
acatonjonesmichael	genre	adrama
acatonjonesmichael	genre	amystery
akinkelmartin	genre	acomedy
akinkelmartin	genre	acrime
akronthalerthomas	genre	acomedy
akronthalerthomas	genre	acrime
aengelhardtwilhelm	genre	acomedy
aengelhardtwilhelm	genre	acrime
astephanbernhard	genre	acrime
aapprederisfranck	genre	acomedy
agutjahrrainer	genre	acomedy
agutjahrrainer	genre	acrime
akrgnther	genre	acomedy
akrgnther	genre	acrime
azensmichael	genre	acrime
avergnejeanpierre	genre	acomedy
abraunbettinai	genre	acomedy
abraunbettinai	genre	acrime
aklischstefan	genre	acomedy
aklischstefan	genre	acrime
atraykovatanas	genre	adrama
apunchevborislav	genre	adrama
amarinovichanton	genre	adrama
asurchadzhievstefani	genre	adrama
agrimaldiaurelioi	genre	adrama
abattiatofranco	genre	adrama
